ID,TARGET
1,495.7906780755474
2,0.0
3,0.0
4,0.0
5,0.0
6,413.9450081876981
7,0.0
8,0.0
9,429.80001744255964
10,931.4249405290914
11,418.9816886055681
12,828.4776260609539
13,0.0
14,854.7951256921004
15,0.0
16,0.0
17,0.0
18,0.0
19,47.11929301372985
20,914.6982380950317
21,566.8445416052585
22,0.0
23,0.0
24,0.0
25,942.723173647047
26,817.9023746313962
27,0.0
28,0.0
29,816.932581427337
30,0.0
31,0.0
32,0.0
33,0.0
34,531.7913444346891
35,65.67773268825762
36,0.0
37,0.0
38,311.988967887116
39,22.83473956057865
40,0.0
41,0.0
42,0.0
43,795.6960663591537
44,779.5013673624138
45,0.0
46,0.0
47,17.573222970732242
48,579.5698423011767
49,0.0
50,0.0
51,0.0
52,785.5335932450317
53,0.0
54,45.494017946060694
55,0.0
56,425.8482688753058
57,0.0
58,0.0
59,0.0
60,0.0
61,0.0
62,0.0
63,89.58798406325207
64,0.0
65,358.2019651283783
66,0.0
67,0.0
68,0.0
69,0.0
70,0.0
71,0.0
72,0.0
73,278.0680699479113
74,53.64628611526936
75,0.0
76,277.3932875774298
77,99.81372818274106
78,769.5291677847795
79,0.0
80,0.0
81,0.0
82,0.0
83,0.0
84,0.0
85,490.0349655137555
86,0.0
87,16.594747549848353
88,408.51683907507254
89,0.0
90,0.0
91,138.2306588946148
92,0.0
93,0.0
94,0.0
95,0.0
96,0.0
97,801.6192624500125
98,329.2664140664492
99,0.0
100,0.0
101,8.57851723393307
102,0.0
103,0.0
104,0.0
105,1.9901138989573859
106,368.57271067624305
107,954.5536439313352
108,0.0
109,0.0
110,908.516246905305
111,0.0
112,846.7264573400288
113,506.89830388952737
114,525.3821889529274
115,0.0
116,0.0
117,0.0
118,481.7459723664831
119,500.47877350030996
120,0.0
121,745.4106745577058
122,68.18666532258251
123,0.0
124,915.0590225472451
125,0.0
126,0.0
127,0.0
128,394.49728292673177
129,801.4594873087995
130,0.0
131,0.0
132,329.8625424260793
133,291.621268619247
134,0.0
135,536.7149686708718
136,7.199391441112828
137,403.9177096287518
138,0.0
139,692.6041003814757
140,0.0
141,819.5898514448425
142,601.3534278070017
143,109.91707222884138
144,0.0
145,0.0
146,0.0
147,0.0
148,0.0
149,0.0
150,0.0
151,799.3722671419184
152,0.0
153,686.1034457838937
154,0.0
155,21.399566624332593
156,767.0573480779498
157,893.5038347892722
158,0.0
159,0.0
160,473.1138487932636
161,0.0
162,0.0
163,120.51908565811878
164,0.0
165,0.0
166,26.244329310200474
167,617.6406445903228
168,0.0
169,891.8201182854184
170,851.3589641116963
171,331.5696775733512
172,0.0
173,0.0
174,146.19950249774226
175,0.0
176,348.1233477826865
177,645.8908315054324
178,530.1879367912278
179,765.663190988697
180,385.699811316461
181,0.0
182,0.0
183,0.0
184,0.0
185,0.0
186,519.4510593920799
187,65.37972581219971
188,0.0
189,0.0
190,179.75376260274354
191,187.29642783109838
192,0.0
193,44.102744253036086
194,110.04949544917243
195,0.0
196,0.0
197,0.0
198,0.0
199,80.35296819561154
200,128.9480042069244
201,0.0
202,0.0
203,811.104751973013
204,0.0
205,0.0
206,0.0
207,41.981857661456985
208,733.8954830666569
209,0.0
210,403.4712200266144
211,927.241867969049
212,129.03096618863927
213,0.0
214,153.11670563625808
215,0.0
216,0.0
217,759.6597574527824
218,0.0
219,0.0
220,0.0
221,393.50765015010745
222,77.57869276545243
223,193.97767754363102
224,0.0
225,0.0
226,793.607610939145
227,655.39669792425
228,628.314680943843
229,0.0
230,0.0
231,861.9072762547581
232,0.0
233,37.22873862260676
234,250.35488023094237
235,0.0
236,0.0
237,0.0
238,97.00396625231357
239,784.9734937777529
240,878.1665284157259
241,617.694926443733
242,0.0
243,0.0
244,0.0
245,0.0
246,208.92056441337613
247,144.03581820688566
248,41.688538798005894
249,0.0
250,0.0
251,287.413953614496
252,405.08260492638806
253,0.0
254,890.3176486407166
255,0.0
256,321.947566754336
257,502.3058002224895
258,0.0
259,0.0
260,0.0
261,618.6102042336265
262,559.7962217391022
263,543.6617832468711
264,0.0
265,0.0
266,247.3449186830911
267,6.571802488641255
268,739.3365819473427
269,0.0
270,796.34255203077
271,0.0
272,48.530133067141776
273,0.0
274,61.57718089412188
275,696.0516506862625
276,0.0
277,0.0
278,0.0
279,0.0
280,728.5806106435563
281,659.7273086879093
282,481.85180106348054
283,463.4924820191569
284,0.0
285,365.1318248145797
286,0.0
287,0.0
288,0.0
289,0.0
290,0.0
291,466.3223744326408
292,165.83061425517036
293,0.0
294,552.2009484897454
295,199.77192768977443
296,307.12209639473394
297,445.28393138536643
298,0.0
299,0.0
300,0.0
301,425.1913378611258
302,217.65568408689782
303,0.0
304,31.14843298819435
305,0.0
306,0.0
307,0.0
308,474.41661949916335
309,0.0
310,249.15660393267672
311,0.0
312,0.0
313,0.0
314,0.0
315,0.0
316,0.0
317,0.0
318,551.0178491985138
319,332.241417702742
320,0.0
321,0.0
322,6.205681574384808
323,662.2075030684322
324,956.0106309280606
325,0.0
326,426.8040334958929
327,0.0
328,79.16888391639742
329,612.1183364689996
330,0.0
331,731.7870768494456
332,0.0
333,249.50158645551156
334,0.0
335,803.7008294619544
336,76.19994445220271
337,285.9159972254787
338,525.0338115016682
339,0.0
340,41.47450164209818
341,0.0
342,732.8385460779275
343,0.0
344,0.0
345,0.0
346,0.0
347,0.0
348,558.2277892659399
349,0.0
350,0.0
351,0.0
352,393.4453320262295
353,86.14993130258514
354,0.0
355,576.4958703156851
356,0.0
357,0.0
358,0.0
359,0.0
360,3.273682463016627
361,936.3879878292314
362,0.0
363,538.8631103113761
364,0.0
365,0.0
366,883.1288701128534
367,25.30511317404413
368,0.0
369,0.0
370,532.8001096982438
371,0.0
372,0.0
373,619.2461244333431
374,152.815841477236
375,0.0
376,222.867549003318
377,657.0853059165188
378,761.8722488043562
379,0.0
380,0.0
381,0.0
382,1.4689550052452367
383,39.049143107221894
384,639.8094061123768
385,0.0
386,0.0
387,91.53905436716974
388,0.0
389,38.200859631544915
390,0.0
391,0.0
392,383.3603517701487
393,0.0
394,0.0
395,589.5059156308632
396,0.0
397,481.26064313567304
398,926.5676037766959
399,514.021665993666
400,316.3401062234426
401,0.0
402,144.47798275507384
403,0.0
404,0.0
405,0.0
406,910.2757541203537
407,0.0
408,0.0
409,101.19485705189523
410,838.6392031256839
411,598.2479853210726
412,0.0
413,16.023949905701446
414,280.02690635325825
415,719.3795465824419
416,8.184020749449653
417,0.0
418,9.728202739191188
419,70.74480112215808
420,0.0
421,0.0
422,0.0
423,0.0
424,514.2414898823159
425,0.0
426,213.94524417191982
427,0.0
428,679.602426810532
429,0.0
430,0.0
431,236.3066172961889
432,0.0
433,0.0
434,0.0
435,0.0
436,0.0
437,87.2233386606462
438,600.8970937373969
439,924.016363500428
440,0.0
441,654.645391525009
442,0.0
443,24.68046533283538
444,163.1931579679563
445,0.0
446,235.42702369890256
447,892.7393135442104
448,576.2260421116916
449,43.20823586458587
450,0.0
451,0.0
452,202.01230797590483
453,810.2793901397275
454,710.8892681578257
455,714.0553369422993
456,0.0
457,0.0
458,0.0
459,0.0
460,809.5616548760098
461,0.0
462,44.37102110105657
463,381.17800610135316
464,754.5539382680059
465,0.0
466,0.0
467,253.85686927200496
468,705.0712063992779
469,0.0
470,0.0
471,836.0176543695924
472,660.1012672675898
473,0.0
474,0.0
475,742.4942536260951
476,0.0
477,0.0
478,0.0
479,185.16334462045253
480,69.50836293548528
481,847.8977935069369
482,185.89139500569692
483,226.13053681969464
484,0.0
485,271.84589812799163
486,0.0
487,301.76818871972245
488,432.8482333664205
489,959.5291628561309
490,501.65128823117215
491,449.8472829582428
492,0.0
493,922.8078360823109
494,348.2862517926231
495,0.0
496,0.0
497,0.0
498,0.0
499,384.427369311462
500,334.231019120115
501,437.6914734498117
502,0.0
503,0.0
504,920.2963980694003
505,0.0
506,647.3468487620443
507,0.0
508,446.89453625434294
509,440.7648557648478
510,679.6477596855796
511,84.41519298713915
512,0.0
513,798.4458379462159
514,519.9034891891566
515,781.1149058126739
516,868.1197909001526
517,946.2309318250472
518,0.0
519,774.2022176896304
520,0.0
521,0.0
522,0.0
523,0.0
524,894.7979255857387
525,0.0
526,0.0
527,0.0
528,881.132642457673
529,0.0
530,460.0560373829235
531,0.0
532,0.0
533,0.0
534,0.0
535,0.0
536,28.699201345824253
537,0.0
538,0.0
539,0.0
540,959.8926786482386
541,0.0
542,63.17259724280545
543,170.92772776979123
544,0.0
545,0.0
546,208.63274760199377
547,0.0
548,0.0
549,2.7759057431783143
550,0.0
551,0.0
552,472.63319859076165
553,762.290413429436
554,0.0
555,0.0
556,0.0
557,0.0
558,11.649954513438667
559,0.0
560,0.0
561,49.481371554016164
562,0.0
563,172.85252953837715
564,451.37094678328975
565,0.0
566,174.17985704199157
567,0.0
568,240.95267634445764
569,0.0
570,225.40218656277227
571,11.828583912223374
572,95.96526237388
573,0.0
574,873.9031885344764
575,0.0
576,25.349516237754628
577,915.91466153756
578,0.0
579,757.56274587536
580,812.2157350135382
581,92.84660299033497
582,488.7273551560436
583,0.0
584,0.0
585,0.0
586,772.529218350174
587,0.0
588,46.539117489685594
589,68.2331836430784
590,0.0
591,0.0
592,0.0
593,0.0
594,0.0
595,415.7765141614231
596,351.4174928095026
597,0.0
598,0.0
599,282.7948095748351
600,0.0
601,350.8093505154924
602,323.8975061633147
603,937.4067416943302
604,0.0
605,0.0
606,0.0
607,0.0
608,0.0
609,605.523414442735
610,146.46671836723334
611,0.0
612,885.9728768522635
613,0.0
614,0.0
615,370.915190686263
616,768.5761722716271
617,214.69152395347504
618,550.3109736290768
619,794.2698958124078
620,88.37526025469562
621,246.87093797922486
622,933.7735953129104
623,0.0
624,0.0
625,0.0
626,0.0
627,868.8614716692931
628,0.0
629,61.08195778607927
630,0.0
631,0.0
632,694.6180147808527
633,79.54269801394555
634,328.9296403197025
635,21.9930219647425
636,0.0
637,0.0
638,174.4371311858891
639,0.0
640,0.0
641,0.0
642,631.8516331847658
643,792.9751409902734
644,0.0
645,0.0
646,200.92277299256003
647,0.0
648,943.2818293116879
649,0.0
650,568.2712537206919
651,0.0
652,26.434572523962668
653,849.4918913212761
654,0.0
655,712.517624980233
656,892.0069294870337
657,15.7805633418759
658,0.0
659,0.0
660,0.0
661,0.0
662,0.0
663,0.0
664,0.0
665,878.5908286449751
666,174.92102251979767
667,158.6217122472149
668,96.31143397679699
669,0.0
670,548.0318957953184
671,0.0
672,0.0
673,8.021962929448835
674,135.08023934833747
675,0.0
676,0.0
677,0.0
678,120.84810662687002
679,0.0
680,209.13592547436863
681,400.9760155582675
682,858.8154174465049
683,0.0
684,413.7461606616255
685,845.3733726834666
686,413.9959448782613
687,0.0
688,0.0
689,961.281509099826
690,628.2663960153332
691,514.2999254029619
692,888.8432778521502
693,0.0
694,209.74293403712267
695,0.0
696,279.4103720211764
697,0.0
698,924.7027767160795
699,630.4215016630267
700,828.7035563810344
701,22.263687453526742
702,0.0
703,577.6380751298461
704,0.0
705,927.9842704134433
706,100.99176489033891
707,0.0
708,0.0
709,0.0
710,402.1858578988036
711,0.0
712,249.81475074943467
713,0.0
714,0.0
715,0.0
716,328.13529086864133
717,845.6438780866795
718,0.0
719,800.1307656451647
720,75.94278340357556
721,796.977379690045
722,0.0
723,6.608456693398073
724,0.0
725,167.12513033712187
726,106.82713731783923
727,0.0
728,571.4730306860882
729,4.315536796601178
730,0.0
731,0.0
732,0.0
733,905.1146410734232
734,908.9354893495428
735,0.0
736,0.0
737,0.0
738,715.179639776039
739,658.3218773234298
740,0.0
741,834.2378647792808
742,363.32835609636084
743,0.0
744,0.0
745,0.0
746,822.641608035294
747,0.0
748,0.0
749,0.0
750,708.2861696526829
751,0.0
752,473.8556481107796
753,0.0
754,266.01258080876124
755,436.9100908722778
756,860.2438600578399
757,241.50649552500408
758,908.5716200183168
759,0.0
760,0.0
761,0.0
762,619.138412531184
763,0.0
764,258.77840474085235
765,941.8060352514249
766,0.0
767,0.0
768,40.32885163446179
769,0.0
770,0.0
771,0.0
772,268.4682960564301
773,0.0
774,740.3056493213371
775,399.75435870224754
776,76.32064667721599
777,548.7753018350686
778,436.00422423027015
779,742.6063591417947
780,816.1794995924678
781,0.0
782,612.0067244271502
783,812.6359329101574
784,0.0
785,0.0
786,381.00227237699517
787,0.0
788,363.7915948630871
789,0.0
790,0.0
791,0.0
792,0.0
793,0.0
794,357.77498636084385
795,0.0
796,0.0
797,77.67258480941516
798,485.4416771362893
799,0.0
800,551.5448184375335
801,0.0
802,0.0
803,0.0
804,0.0
805,901.1913799040211
806,0.0
807,0.0
808,4.5897161006488165
809,868.6220965606644
810,78.5311691003126
811,20.377334796195804
812,0.0
813,869.1963268413355
814,0.0
815,0.0
816,0.0
817,0.0
818,818.0475911983655
819,0.0
820,0.0
821,645.5849326361732
822,457.44556164702425
823,0.0
824,0.0
825,940.6862723135281
826,180.2128785408306
827,112.56428602669848
828,82.1301580011679
829,616.9904233755587
830,0.0
831,345.008663315311
832,0.0
833,0.0
834,0.0
835,0.0
836,650.3979596041413
837,768.6796108579982
838,762.4356937300959
839,0.0
840,222.24290631309665
841,820.6023210875987
842,35.29769364383874
843,0.0
844,0.0
845,5.259620295093798
846,0.0
847,109.28352807289588
848,527.8149795415766
849,0.0
850,867.8699364391888
851,0.0
852,0.0
853,0.0
854,279.50664530467384
855,855.5046695059494
856,0.0
857,0.0
858,0.0
859,126.23208416668194
860,11.066520211280881
861,368.97471369564795
862,0.0
863,0.0
864,306.3316389700217
865,53.72833905588458
866,0.0
867,448.04312574172627
868,0.0
869,239.2941213075554
870,0.0
871,0.0
872,0.0
873,857.220818877847
874,852.3511376905519
875,115.3948239835637
876,79.10903070621312
877,305.8765460142111
878,0.0
879,0.0
880,403.0841031366793
881,3.5761248762126474
882,576.7011669178275
883,0.0
884,425.3800661596367
885,259.73312072453496
886,0.0
887,172.37533626945535
888,71.36756088368756
889,360.66087180438717
890,0.0
891,457.008407598093
892,0.0
893,38.925684251654175
894,45.42581419451368
895,0.0
896,402.5452031415454
897,259.2474247334173
898,0.0
899,0.0
900,0.0
901,838.1779851673625
902,0.0
903,0.0
904,0.0
905,0.0
906,21.554593460562362
907,836.3303197252127
908,0.0
909,0.0
910,105.59014256722203
911,0.0
912,907.2618438422961
913,0.0
914,23.81805796673741
915,0.0
916,77.02543020403401
917,9.49652840039581
918,924.8776421738087
919,266.2645370521194
920,175.35093127931773
921,0.0
922,764.7807054269841
923,0.0
924,0.0
925,0.0
926,0.0
927,139.5920402486695
928,0.0
929,0.0
930,0.0
931,0.0
932,249.82856224746826
933,10.479453165202827
934,0.0
935,0.0
936,0.0
937,957.2538965878767
938,0.0
939,0.0
940,0.0
941,0.0
942,87.29651238954703
943,0.0
944,0.0
945,0.0
946,0.0
947,0.0
948,0.0
949,121.18849613370743
950,425.5753274031523
951,304.35842756390844
952,0.0
953,202.61315075591097
954,810.2244912088564
955,0.0
956,0.0
957,463.3765369348928
958,0.0
959,276.012270720518
960,0.0
961,11.362581820466538
962,470.1755636197537
963,0.0
964,271.30598479848277
965,0.0
966,0.0
967,748.9185550754617
968,0.0
969,8.212780779057256
970,186.99899105573348
971,745.545230102774
972,0.0
973,914.7661751949689
974,31.266841393352067
975,888.8716950351052
976,0.0
977,0.0
978,0.0
979,0.0
980,214.2840775874973
981,0.0
982,909.3392326016245
983,0.0
984,0.0
985,0.0
986,456.110093244718
987,0.0
988,0.0
989,315.46932472771346
990,0.0
991,0.0
992,819.5695395573464
993,0.0
994,319.02867272185586
995,0.0
996,507.13578137844627
997,190.3065739769502
998,0.0
999,407.22931843827115
1000,0.0
1001,161.94685370580277
1002,463.7191684226341
1003,0.0
1004,0.0
1005,0.0
1006,88.71743457802899
1007,0.0
1008,0.0
1009,0.0
1010,130.62165604086792
1011,0.0
1012,0.0
1013,0.0
1014,0.0
1015,364.3163215918114
1016,0.0
1017,588.9675594752837
1018,0.0
1019,845.8985675021815
1020,0.0
1021,0.0
1022,0.0
1023,0.0
1024,54.05247949238068
1025,0.0
1026,156.61988618327103
1027,0.0
1028,0.0
1029,899.7291690460577
1030,579.0441963185476
1031,0.0
1032,0.0
1033,0.0
1034,0.0
1035,0.0
1036,616.1244912067756
1037,896.4399719430011
1038,0.0
1039,0.0
1040,0.0
1041,31.406733534491174
1042,92.79644670359613
1043,278.10303856523353
1044,0.0
1045,0.0
1046,0.0
1047,0.0
1048,276.68805008680494
1049,0.0
1050,389.95769376103135
1051,0.0
1052,0.0
1053,0.0
1054,0.0
1055,0.0
1056,67.4600328928876
1057,949.910009939615
1058,275.9649840061639
1059,763.6243885009214
1060,124.93949399572621
1061,0.0
1062,417.0226887287791
1063,0.0
1064,0.0
1065,782.824323977343
1066,0.0
1067,0.0
1068,0.0
1069,0.0
1070,0.0
1071,91.54517485208419
1072,0.0
1073,234.05999407093324
1074,0.0
1075,19.965187169214015
1076,0.0
1077,449.51757638059246
1078,0.0
1079,0.0
1080,0.0
1081,0.0
1082,0.0
1083,323.8180180283783
1084,553.2106708202517
1085,0.0
1086,662.6933439993719
1087,0.0
1088,693.7771053006702
1089,713.4955499000692
1090,0.0
1091,650.7882360858459
1092,0.0
1093,0.0
1094,0.0
1095,441.58997512938464
1096,0.0
1097,0.0
1098,0.0
1099,0.0
1100,0.0
1101,0.0
1102,0.0
1103,312.6839309335206
1104,761.8229362026848
1105,0.0
1106,0.0
1107,402.0713412208942
1108,134.60291152327827
1109,804.8030693499164
1110,0.0
1111,108.34224465614574
1112,42.95818373344414
1113,751.6340519324917
1114,502.6614095892695
1115,0.0
1116,0.0
1117,0.0
1118,0.0
1119,792.6818462803542
1120,89.17330860704367
1121,0.0
1122,96.52991789651728
1123,844.3586817566998
1124,0.0
1125,123.67612744240277
1126,0.0
1127,0.0
1128,51.873301077167454
1129,769.7969890007938
1130,0.0
1131,890.033351376689
1132,211.20142232261583
1133,0.0
1134,0.0
1135,190.44204103095728
1136,0.0
1137,823.8640853081915
1138,0.0
1139,0.0
1140,0.0
1141,0.0
1142,0.0
1143,741.7281554881959
1144,0.0
1145,0.0
1146,0.0
1147,622.5938971297252
1148,0.0
1149,0.0
1150,0.0
1151,0.0
1152,0.0
1153,0.0
1154,0.0
1155,15.911220746819684
1156,0.0
1157,761.0191418934817
1158,0.0
1159,0.0
1160,42.84830945691576
1161,686.8306722553838
1162,12.13834036065351
1163,0.0
1164,563.4947051652862
1165,854.1833688068707
1166,0.0
1167,0.0
1168,0.0
1169,3.6158026309210314
1170,0.0
1171,671.323419675468
1172,0.0
1173,630.5412558540929
1174,29.47693063829318
1175,346.7252407531619
1176,0.0
1177,300.6517482780251
1178,365.86804345158066
1179,785.9265209556366
1180,0.0
1181,50.71851383565381
1182,25.146623432718776
1183,0.0
1184,279.3048068856409
1185,0.0
1186,531.0631836855988
1187,276.25653390912487
1188,345.4410619823944
1189,72.93003169531939
1190,0.0
1191,721.999997040717
1192,0.0
1193,0.0
1194,0.0
1195,568.9073116179625
1196,0.0
1197,0.0
1198,207.75988598994226
1199,423.3296790072951
1200,0.0
1201,0.0
1202,737.1604565814708
1203,45.51257461792702
1204,0.0
1205,42.7524561259999
1206,0.0
1207,724.722623583261
1208,0.0
1209,0.0
1210,0.0
1211,0.0
1212,0.0
1213,0.0
1214,202.17043547657966
1215,0.0
1216,0.0
1217,173.1196950461251
1218,0.0
1219,908.7765104044969
1220,627.8977481319462
1221,0.0
1222,0.0
1223,0.0
1224,931.4763094862562
1225,0.0
1226,63.85802463287499
1227,0.0
1228,457.9284739020455
1229,0.0
1230,938.0998988507332
1231,532.8629573451806
1232,0.0
1233,0.0
1234,737.2854685794342
1235,849.3352270239384
1236,443.7985066302336
1237,0.0
1238,0.0
1239,0.0
1240,0.0
1241,809.0268341302801
1242,755.8753450864508
1243,0.0
1244,0.0
1245,561.233802606432
1246,42.014400250226146
1247,0.0
1248,184.20870556073785
1249,610.3082536938327
1250,928.8190379854306
1251,0.0
1252,693.486749890921
1253,302.80331938131246
1254,325.6969993390798
1255,0.0
1256,0.0
1257,789.7076773058377
1258,0.0
1259,0.0
1260,628.888248241388
1261,61.7522200733659
1262,823.323522070806
1263,0.0
1264,16.765344654164373
1265,0.0
1266,30.1281895264142
1267,0.0
1268,0.0
1269,648.906980523009
1270,7.926818483640536
1271,905.7411754228333
1272,776.1141395482625
1273,0.0
1274,233.7292761329011
1275,0.0
1276,639.9555490328347
1277,118.52271853288757
1278,0.0
1279,0.0
1280,0.0
1281,357.14596129645383
1282,344.0026016519656
1283,0.0
1284,583.9722975149202
1285,0.0
1286,0.0
1287,209.49844452529786
1288,769.6106681408413
1289,0.0
1290,164.77031271043762
1291,820.6959803524375
1292,0.0
1293,0.0
1294,0.0
1295,40.90322355821547
1296,550.612682609599
1297,418.27788394146063
1298,728.4647311219533
1299,0.0
1300,935.0958725075527
1301,111.07893599784569
1302,0.0
1303,195.27944932221286
1304,0.0
1305,261.39346351977946
1306,560.3206598754739
1307,0.0
1308,0.0
1309,0.0
1310,0.0
1311,0.0
1312,102.66395920782222
1313,77.88418662345063
1314,0.0
1315,0.0
1316,0.0
1317,0.0
1318,430.1924603530589
1319,54.304629879483215
1320,541.9736771409472
1321,0.0
1322,0.0
1323,586.6569818472068
1324,0.0
1325,0.0
1326,274.85944295006976
1327,0.0
1328,248.11829297437455
1329,0.0
1330,706.9382432552076
1331,180.94716862195457
1332,389.97961231663277
1333,66.07167765981507
1334,946.2446483359529
1335,0.0
1336,0.0
1337,575.7374111604962
1338,0.0
1339,60.64918655402003
1340,0.0
1341,714.6073908838359
1342,0.0
1343,0.0
1344,809.2919659632223
1345,0.0
1346,0.0
1347,421.55534611023535
1348,0.0
1349,0.0
1350,0.0
1351,0.0
1352,168.48454072684592
1353,435.09993967702616
1354,0.0
1355,0.0
1356,0.0
1357,40.939038031432915
1358,381.3793899466895
1359,0.0
1360,0.0
1361,99.74962002605952
1362,282.3908117212193
1363,0.0
1364,73.19402611561051
1365,0.0
1366,0.0
1367,0.0
1368,775.6894837391618
1369,845.0260166658882
1370,0.0
1371,250.56888469454623
1372,896.3511142025051
1373,0.0
1374,429.7750114142487
1375,0.0
1376,0.0
1377,372.7962294358385
1378,581.0938253772342
1379,0.0
1380,587.9982593656865
1381,0.0
1382,0.0
1383,617.3102838475564
1384,0.0
1385,0.0
1386,0.0
1387,0.0
1388,0.0
1389,0.0
1390,0.0
1391,55.113086352917925
1392,0.0
1393,0.0
1394,0.0
1395,45.951287955074775
1396,667.6112040284017
1397,0.0
1398,0.0
1399,0.0
1400,206.88029910026899
1401,0.0
1402,0.0
1403,0.0
1404,0.0
1405,0.0
1406,158.6217214960294
1407,52.39948975676453
1408,0.0
1409,0.0
1410,0.0
1411,54.98366918603915
1412,13.29025551978053
1413,0.0
1414,0.0
1415,421.85735025917904
1416,0.0
1417,0.0
1418,733.1730143843309
1419,362.8035122358676
1420,0.0
1421,18.611780022736774
1422,689.6403082906278
1423,251.58244579900335
1424,806.0784165299741
1425,0.0
1426,0.0
1427,0.0
1428,0.0
1429,876.4846476256625
1430,0.0
1431,0.0
1432,0.0
1433,15.374669369264545
1434,0.0
1435,0.0
1436,365.59757074196716
1437,345.864837006721
1438,76.36466246969937
1439,271.9667170961584
1440,0.0
1441,0.0
1442,63.150057152117995
1443,296.00175336803045
1444,0.0
1445,588.2431803084577
1446,0.0
1447,0.0
1448,0.0
1449,0.0
1450,565.289546350894
1451,0.0
1452,444.65211056349466
1453,314.65841314272393
1454,0.0
1455,0.0
1456,0.0
1457,887.0734752882638
1458,0.0
1459,8.942665351610275
1460,10.226216631507725
1461,670.1143938004886
1462,718.7228948224841
1463,37.529378314836315
1464,177.75217370806715
1465,92.37560146753616
1466,0.0
1467,100.47169192808843
1468,0.0
1469,564.2486011697789
1470,0.0
1471,0.0
1472,0.0
1473,171.46610652437545
1474,0.0
1475,101.61895729963307
1476,0.0
1477,180.42625047069583
1478,0.0
1479,622.0162984378353
1480,0.0
1481,0.0
1482,0.0
1483,0.0
1484,0.0
1485,0.0
1486,0.0
1487,0.0
1488,0.0
1489,0.0
1490,0.0
1491,72.03811631328655
1492,568.9231697349619
1493,574.47772874859
1494,0.0
1495,0.0
1496,0.0
1497,746.6787230064751
1498,392.0187325839599
1499,0.0
1500,521.9145806993834
1501,0.0
1502,0.0
1503,490.6354837192718
1504,578.0567598318909
1505,0.0
1506,0.0
1507,465.44378477607523
1508,0.0
1509,353.0974808748187
1510,0.0
1511,0.0
1512,0.0
1513,555.6907875397561
1514,305.7903699296462
1515,109.6537323730396
1516,669.8462958410445
1517,0.0
1518,369.3825071656933
1519,304.30565081191185
1520,0.0
1521,72.63326388226412
1522,0.0
1523,684.839716571082
1524,0.0
1525,0.0
1526,319.80762105602133
1527,0.0
1528,0.0
1529,707.5067475030853
1530,53.858035391110455
1531,610.064437978991
1532,0.0
1533,0.0
1534,518.381386492513
1535,777.170075406365
1536,59.94798049920633
1537,45.307799139989854
1538,156.80469431191977
1539,827.9081995658108
1540,0.0
1541,238.68456818303463
1542,0.0
1543,0.0
1544,524.6097481320263
1545,0.0
1546,0.0
1547,0.0
1548,415.39963330967333
1549,0.0
1550,0.0
1551,0.0
1552,397.73185499226923
1553,0.0
1554,0.0
1555,172.10330634948014
1556,595.2961230348456
1557,355.0412137722072
1558,565.0328754006958
1559,0.0
1560,601.9079147320856
1561,0.0
1562,342.00957704312276
1563,661.0477080699202
1564,0.0
1565,0.0
1566,24.89276981886558
1567,0.0
1568,0.0
1569,20.279521677125743
1570,0.0
1571,0.0
1572,0.0
1573,0.0
1574,829.0580624145251
1575,0.0
1576,0.0
1577,0.0
1578,389.8413693590887
1579,0.0
1580,0.0
1581,0.0
1582,0.0
1583,273.78460923948836
1584,0.0
1585,0.0
1586,0.0
1587,0.0
1588,369.1976329379143
1589,0.0
1590,0.0
1591,0.0
1592,0.0
1593,0.0
1594,737.9874345051163
1595,0.0
1596,325.90909193910977
1597,0.0
1598,0.0
1599,745.733363637897
1600,47.407617493662435
1601,768.5672372846816
1602,0.0
1603,0.0
1604,0.0
1605,233.66017421437206
1606,0.0
1607,775.142266050879
1608,0.0
1609,294.8888578940929
1610,883.8188877920277
1611,340.5378628867129
1612,0.0
1613,0.0
1614,845.6228434215499
1615,0.0
1616,0.0
1617,0.0
1618,0.0
1619,0.0
1620,0.0
1621,0.0
1622,0.0
1623,0.0
1624,466.19528131985504
1625,873.4644277661387
1626,836.422524272447
1627,0.0
1628,58.801570058754145
1629,0.0
1630,0.0
1631,297.5774716849449
1632,0.0
1633,0.0
1634,0.0
1635,0.0
1636,0.0
1637,8.28436512261443
1638,0.0
1639,495.7358006501366
1640,0.0
1641,0.0
1642,0.0
1643,871.1571800977952
1644,0.0
1645,566.7829026448535
1646,807.7648895086544
1647,725.7073937161255
1648,0.0
1649,719.2436341195804
1650,0.0
1651,794.6902094269041
1652,0.0
1653,0.0
1654,0.0
1655,19.112337533575705
1656,0.0
1657,789.4417976976565
1658,78.66856396632963
1659,0.0
1660,345.10461542878625
1661,75.23652086443084
1662,0.0
1663,150.923746112081
1664,628.5524097554506
1665,0.0
1666,0.0
1667,0.0
1668,592.7197849272359
1669,232.4254621373605
1670,810.783364146837
1671,675.2720684427316
1672,492.44224725517256
1673,253.9202126358393
1674,641.0814754168802
1675,885.926179326399
1676,905.7827292730502
1677,890.2037096732261
1678,163.35745549103007
1679,0.0
1680,0.0
1681,146.29766141338422
1682,528.7302418352473
1683,507.6450031644273
1684,899.1571706046235
1685,841.8231426081543
1686,26.316960947264754
1687,0.0
1688,0.0
1689,617.6848945576886
1690,832.5504564661924
1691,439.43291778224415
1692,0.0
1693,0.0
1694,354.66888599285363
1695,0.0
1696,12.58520080124806
1697,127.95808691288036
1698,0.0
1699,0.0
1700,0.0
1701,10.53300167977591
1702,40.84895653905752
1703,0.0
1704,0.0
1705,0.0
1706,307.79955428549886
1707,253.17636577077798
1708,0.0
1709,7.852026649455254
1710,0.0
1711,807.7837543385479
1712,0.0
1713,62.74716292335397
1714,0.0
1715,85.37694182311736
1716,0.0
1717,914.4392016526986
1718,901.1614419366081
1719,246.67101554301647
1720,0.0
1721,0.0
1722,0.0
1723,0.0
1724,163.64286871584022
1725,0.0
1726,89.50565833417168
1727,782.4060760475234
1728,913.3562073380933
1729,0.0
1730,0.0
1731,228.72209960944858
1732,512.5753295243017
1733,876.143054427402
1734,0.0
1735,576.2503527010585
1736,0.0
1737,121.65222372540151
1738,0.0
1739,0.0
1740,497.30092065700074
1741,0.0
1742,87.94821889122494
1743,561.3154895988206
1744,243.48382136050998
1745,885.4041864786894
1746,0.0
1747,322.0533471649699
1748,0.0
1749,79.11396629294775
1750,444.0244197075026
1751,0.0
1752,392.82910857811
1753,0.0
1754,931.0766988133231
1755,0.0
1756,0.0
1757,0.0
1758,0.0
1759,239.2257251106383
1760,547.0215848996144
1761,0.0
1762,401.6312736001256
1763,180.11027106855823
1764,53.58236676290281
1765,0.0
1766,0.0
1767,0.0
1768,0.0
1769,125.871068975011
1770,4.761826228803259
1771,0.0
1772,86.92725983082097
1773,98.99454582842138
1774,395.70287850591274
1775,863.3847650464687
1776,732.0593885600039
1777,0.0
1778,0.0
1779,0.0
1780,532.8720704184649
1781,161.233490140518
1782,0.0
1783,0.0
1784,0.0
1785,53.825877144318916
1786,0.0
1787,0.0
1788,0.0
1789,0.0
1790,0.0
1791,0.0
1792,0.0
1793,901.2767098779026
1794,439.47777602803444
1795,0.0
1796,434.22341158955777
1797,0.0
1798,0.0
1799,0.0
1800,0.0
1801,0.0
1802,0.0
1803,587.7798901961426
1804,0.0
1805,110.59840214839923
1806,0.0
1807,523.2044103775602
1808,0.0
1809,0.0
1810,0.0
1811,906.3309592450973
1812,725.8628324992792
1813,423.06726968585383
1814,0.0
1815,0.0
1816,796.1821920627411
1817,0.0
1818,0.0
1819,836.5553479063752
1820,0.0
1821,0.0
1822,0.0
1823,0.0
1824,259.0958334963725
1825,0.0
1826,32.50487981579548
1827,17.5436575135547
1828,0.0
1829,708.4419520974755
1830,0.0
1831,0.0
1832,0.0
1833,0.0
1834,0.0
1835,818.3691420552168
1836,0.0
1837,663.8896293920402
1838,0.0
1839,0.0
1840,0.0
1841,0.0
1842,0.0
1843,53.76120996811006
1844,0.0
1845,499.08551141715725
1846,0.0
1847,0.0
1848,0.0
1849,53.920955184956526
1850,0.0
1851,0.0
1852,286.1254782652556
1853,0.0
1854,834.6592035047554
1855,174.42508449327823
1856,661.8555634101295
1857,0.0
1858,409.20139776808475
1859,0.0
1860,757.9827282354346
1861,0.0
1862,163.28742523897105
1863,0.0
1864,147.73694157581778
1865,0.0
1866,0.0
1867,407.5940825747627
1868,0.0
1869,0.0
1870,0.0
1871,726.9588950106008
1872,390.71076072034646
1873,373.76484503508027
1874,367.23607435724483
1875,0.0
1876,0.0
1877,0.0
1878,0.0
1879,46.810008136554956
1880,0.0
1881,0.0
1882,0.0
1883,421.8379386681387
1884,0.0
1885,0.0
1886,0.0
1887,0.0
1888,217.3556635822015
1889,0.0
1890,492.0458989035893
1891,0.0
1892,160.21945698697155
1893,0.0
1894,853.6922026169857
1895,5.038678183596004
1896,0.0
1897,0.0
1898,819.1265762739318
1899,0.0
1900,0.0
1901,0.0
1902,51.205994239133645
1903,111.61962354401446
1904,164.1157941235313
1905,16.070935913366046
1906,0.0
1907,79.88284825415823
1908,672.719000180033
1909,726.3992292372077
1910,0.0
1911,0.0
1912,693.175255907446
1913,0.0
1914,0.0
1915,665.7602886498032
1916,894.6381507315427
1917,0.0
1918,0.0
1919,0.0
1920,69.48496405390544
1921,0.0
1922,518.227209810121
1923,0.0
1924,854.6544526982741
1925,0.0
1926,0.0
1927,857.5333816177334
1928,0.0
1929,7.355518077751886
1930,512.32963224656
1931,904.939841834798
1932,0.0
1933,0.0
1934,62.057639906454085
1935,0.0
1936,306.2074653989091
1937,0.0
1938,805.9059521950575
1939,0.0
1940,26.04847102849914
1941,0.0
1942,0.0
1943,0.0
1944,0.0
1945,0.0
1946,0.0
1947,367.5874673706273
1948,0.0
1949,657.1285555069902
1950,0.0
1951,761.3511067850748
1952,803.6256370099402
1953,0.0
1954,0.0
1955,354.5207679299852
1956,927.2578456418078
1957,0.0
1958,521.4281540652215
1959,0.0
1960,0.0
1961,0.0
1962,835.0532976802862
1963,904.5781751250069
1964,701.0640429799419
1965,852.0811531893323
1966,179.24977618567902
1967,751.9638302894135
1968,0.0
1969,82.5952906643136
1970,139.66206645270907
1971,670.0249576831453
1972,0.0
1973,0.0
1974,0.0
1975,0.0
1976,858.1774958835456
1977,871.3619971948314
1978,0.0
1979,635.1860012081775
1980,700.5528597520067
1981,385.1901818523599
1982,607.4079573823434
1983,0.0
1984,0.0
1985,3.48550197842187
1986,927.8842497157509
1987,0.0
1988,634.7312926422669
1989,22.515648484855763
1990,0.0
1991,444.9834429563839
1992,0.0
1993,0.0
1994,400.14014200257367
1995,21.063411192133774
1996,0.0
1997,595.5408012793591
1998,0.0
1999,0.0
2000,0.0
2001,827.0129201173015
2002,708.461732924482
2003,0.0
2004,0.0
2005,0.0
2006,0.0
2007,346.1399534099731
2008,0.0
2009,0.0
2010,0.0
2011,0.0
2012,548.0163280018735
2013,0.0
2014,13.00232294926629
2015,0.0
2016,448.2946445574389
2017,22.532857453931907
2018,849.6588801891797
2019,322.72125486892963
2020,0.0
2021,18.012265470346065
2022,99.96885901896277
2023,198.2428027500474
2024,62.13724944765268
2025,543.9877099386309
2026,328.22196287661757
2027,0.0
2028,61.03123168476743
2029,256.1125395706919
2030,4.999606904648228
2031,0.0
2032,0.0
2033,35.85302442445649
2034,0.0
2035,0.0
2036,0.0
2037,470.9104957943321
2038,270.2950841077874
2039,0.0
2040,638.4322512467776
2041,0.0
2042,162.75330228978942
2043,0.0
2044,468.4760041841914
2045,0.0
2046,0.0
2047,810.4372127310905
2048,815.9100346617663
2049,351.43839451640923
2050,686.5812871663192
2051,0.0
2052,603.3007817411913
2053,102.58986772962345
2054,816.7595867312968
2055,351.3400359183132
2056,0.0
2057,0.0
2058,528.382230263227
2059,0.0
2060,0.0
2061,404.96232935046527
2062,0.0
2063,0.0
2064,0.0
2065,0.0
2066,0.0
2067,0.0
2068,941.056008728869
2069,0.0
2070,4.7972334940821995
2071,0.0
2072,317.500548887551
2073,0.0
2074,411.98815539881997
2075,827.2083400218005
2076,0.0
2077,0.0
2078,694.9235563501785
2079,0.0
2080,949.7729632806385
2081,0.0
2082,0.0
2083,0.0
2084,0.0
2085,0.0
2086,0.0
2087,37.799452145907026
2088,0.0
2089,0.0
2090,248.5535551393698
2091,517.0956720439447
2092,0.0
2093,0.0
2094,112.24621667623298
2095,0.0
2096,275.27568047652323
2097,0.0
2098,0.0
2099,896.9663730008714
2100,956.5890889795194
2101,248.53832470490346
2102,87.22022879146544
2103,0.0
2104,302.70630518911946
2105,0.0
2106,0.0
2107,0.0
2108,0.0
2109,0.0
2110,0.0
2111,0.0
2112,674.7745403630546
2113,619.1169417230454
2114,744.3178682609359
2115,368.3946697962777
2116,0.0
2117,0.0
2118,0.0
2119,326.0319333828378
2120,40.72108818411518
2121,0.0
2122,416.63423257173633
2123,64.20448459989905
2124,0.0
2125,0.0
2126,197.78475914232743
2127,0.0
2128,0.0
2129,0.0
2130,347.7216402436348
2131,0.0
2132,956.6301200843398
2133,0.0
2134,944.7610076388175
2135,0.0
2136,0.0
2137,0.0
2138,0.0
2139,0.0
2140,0.0
2141,2.9200718945851674
2142,756.240035248685
2143,0.0
2144,220.76894305389723
2145,0.0
2146,79.57549379460565
2147,0.0
2148,463.650116402005
2149,609.4275882882164
2150,0.0
2151,896.6963925908342
2152,0.0
2153,15.234981482143308
2154,90.43620976860159
2155,906.2256729575694
2156,0.0
2157,0.0
2158,330.2728718367135
2159,815.9502977776946
2160,13.191527504438223
2161,189.90980112798766
2162,546.3697746981661
2163,0.0
2164,283.70440360204617
2165,183.29204584886762
2166,712.8593504578708
2167,0.0
2168,470.80939907448766
2169,25.60532167793561
2170,0.0
2171,0.0
2172,0.0
2173,231.2937660716257
2174,214.62231261104856
2175,0.0
2176,0.0
2177,0.0
2178,190.80643819763648
2179,154.99342008227663
2180,307.45489349874623
2181,502.6978746840358
2182,0.0
2183,0.0
2184,928.7836308573751
2185,907.6320080488971
2186,919.0490142095476
2187,0.0
2188,212.63433378685625
2189,166.2229083785894
2190,488.13578786654006
2191,0.0
2192,0.0
2193,377.8263939799729
2194,289.88114545596716
2195,0.0
2196,391.8540023431718
2197,0.0
2198,191.37494859776533
2199,672.9636935539611
2200,0.0
2201,36.92004888227966
2202,0.0
2203,0.0
2204,0.0
2205,0.0
2206,0.0
2207,0.0
2208,0.0
2209,742.3213096885047
2210,0.0
2211,0.0
2212,0.0
2213,0.0
2214,0.0
2215,0.0
2216,0.0
2217,0.0
2218,327.01424150705907
2219,635.595531408971
2220,865.744707489361
2221,0.0
2222,308.8604463192651
2223,234.1101072275072
2224,802.6585992090307
2225,835.9939815745527
2226,0.0
2227,878.3750859831923
2228,0.0
2229,0.0
2230,63.88140191548551
2231,0.0
2232,0.0
2233,0.0
2234,254.91995194003874
2235,0.0
2236,44.449832232603235
2237,318.11606986836233
2238,0.0
2239,57.91763039886815
2240,0.0
2241,852.1559669507309
2242,0.0
2243,0.0
2244,0.0
2245,0.0
2246,0.0
2247,0.0
2248,0.0
2249,5.5140004973517245
2250,0.0
2251,711.5289279424796
2252,745.2855952569167
2253,0.0
2254,0.0
2255,0.0
2256,34.71101185873933
2257,0.0
2258,60.25438826169968
2259,0.0
2260,477.99205139153327
2261,0.0
2262,363.30654451645523
2263,579.9368185724984
2264,216.4733476566774
2265,0.0
2266,326.20484552453615
2267,0.0
2268,5.741656865217847
2269,0.0
2270,0.0
2271,0.0
2272,0.0
2273,0.0
2274,0.0
2275,551.6319587260706
2276,0.0
2277,0.0
2278,25.886906293836578
2279,954.3369075251587
2280,477.03974724525824
2281,195.0028221537133
2282,958.6094203023844
2283,48.99171207214468
2284,0.0
2285,0.0
2286,0.0
2287,163.7986967573104
2288,0.0
2289,0.0
2290,0.0
2291,75.26269284093925
2292,0.0
2293,75.21018869626704
2294,0.0
2295,501.84829541573623
2296,0.0
2297,88.24181726177366
2298,0.0
2299,718.3450797171394
2300,0.0
2301,947.0371897855333
2302,0.0
2303,101.29772074159776
2304,0.0
2305,364.74533638193174
2306,0.0
2307,0.0
2308,0.0
2309,0.0
2310,0.0
2311,406.3436488851918
2312,350.10840254033565
2313,32.292001787757556
2314,0.0
2315,0.0
2316,727.4229972256308
2317,0.0
2318,0.0
2319,763.7673329666366
2320,0.0
2321,0.0
2322,71.60390449284297
2323,0.0
2324,0.0
2325,946.6781330440557
2326,17.108904510127026
2327,0.0
2328,0.0
2329,0.0
2330,366.41143306735563
2331,0.0
2332,0.0
2333,0.0
2334,0.0
2335,0.0
2336,37.660809361477604
2337,905.3369867751928
2338,0.0
2339,0.0
2340,137.73574774381407
2341,918.9024523875433
2342,0.0
2343,0.0
2344,0.0
2345,230.68599858555766
2346,0.0
2347,0.0
2348,768.1669897421763
2349,0.0
2350,0.0
2351,775.3822358804189
2352,136.62740219931726
2353,407.24718006180456
2354,0.0
2355,734.7013774862942
2356,0.0
2357,4.536007279922536
2358,577.8400606418404
2359,740.397791552678
2360,527.4707901997647
2361,0.0
2362,0.0
2363,409.71902703793796
2364,0.0
2365,0.0
2366,873.5949553448855
2367,0.0
2368,252.0875521560502
2369,0.0
2370,474.946695457787
2371,934.0760731553736
2372,26.042595858546306
2373,0.0
2374,0.0
2375,811.5351668866397
2376,615.1880461148245
2377,16.5031967557988
2378,0.0
2379,16.296525880543815
2380,0.0
2381,534.9217221762182
2382,0.0
2383,0.0
2384,0.0
2385,0.0
2386,882.3433638191594
2387,0.0
2388,851.3764646444204
2389,674.133836378984
2390,0.0
2391,0.0
2392,0.0
2393,0.0
2394,47.91419008441756
2395,378.13909621532395
2396,815.6357698122881
2397,0.0
2398,0.0
2399,0.0
2400,0.0
2401,0.0
2402,450.0976259011703
2403,0.0
2404,190.92535472668558
2405,11.579098913993107
2406,0.0
2407,606.489002089168
2408,56.20264126382658
2409,0.0
2410,911.5697334908325
2411,230.14886701098408
2412,692.9676636898353
2413,884.3874605693317
2414,434.473423033814
2415,548.437377757325
2416,0.0
2417,0.0
2418,0.0
2419,0.0
2420,0.0
2421,429.052829451512
2422,799.5887522003092
2423,471.0805562564076
2424,0.0
2425,89.10756054649896
2426,0.0
2427,0.0
2428,0.0
2429,882.4410627170347
2430,250.14027464310902
2431,0.0
2432,45.463431068508726
2433,3.8184321770421983
2434,85.74076825228346
2435,770.0559396409175
2436,833.7971359258946
2437,72.06560511593807
2438,0.0
2439,93.39099867292732
2440,53.14013339880803
2441,0.0
2442,185.83623138924744
2443,809.0983388456681
2444,184.55014245136064
2445,774.6451765651126
2446,506.6667020833606
2447,871.2834657445693
2448,690.7225248012256
2449,775.4902963359232
2450,531.5875961839797
2451,0.0
2452,0.0
2453,966.1187467373959
2454,0.0
2455,0.0
2456,473.6396281689557
2457,0.0
2458,0.0
2459,0.0
2460,0.0
2461,0.0
2462,517.570443938086
2463,0.0
2464,0.0
2465,0.0
2466,0.0
2467,80.94352686826431
2468,0.0
2469,15.047542972560398
2470,799.0690903231864
2471,0.0
2472,655.349005843034
2473,747.5429287848134
2474,616.6472115966624
2475,919.4328991656758
2476,0.0
2477,319.8114819581207
2478,654.7061061136008
2479,0.0
2480,776.2404141564814
2481,759.5926862346181
2482,0.0
2483,0.0
2484,0.0
2485,0.0
2486,363.7414437316651
2487,27.047911799430825
2488,805.7181653079443
2489,0.0
2490,44.92630770446343
2491,18.216436561011935
2492,0.0
2493,559.5235476870168
2494,162.92933661056293
2495,0.0
2496,909.7956577106971
2497,691.787325405339
2498,0.0
2499,381.65913163013965
2500,0.0
2501,205.33405567923114
2502,577.6625283633808
2503,961.0521359408975
2504,128.8822395746962
2505,0.0
2506,0.0
2507,0.0
2508,0.0
2509,0.0
2510,473.227671184275
2511,806.6221671447914
2512,311.2747617731472
2513,0.0
2514,612.5731201881641
2515,53.53308034807432
2516,0.0
2517,0.0
2518,2.287983911152698
2519,0.0
2520,562.1387496798194
2521,0.0
2522,392.2080957778522
2523,0.0
2524,368.2625630855766
2525,784.3159931598909
2526,0.0
2527,0.0
2528,0.0
2529,646.3620633061216
2530,504.54409612396915
2531,0.0
2532,796.7206468284983
2533,708.5934728927313
2534,0.0
2535,92.80182025893112
2536,17.93624257292476
2537,170.46476091181086
2538,880.810701603358
2539,0.0
2540,0.0
2541,0.0
2542,0.0
2543,0.0
2544,887.9531534156547
2545,0.0
2546,305.6346083856771
2547,0.0
2548,0.0
2549,0.0
2550,0.0
2551,77.91785270450416
2552,0.0
2553,0.0
2554,0.0
2555,0.0
2556,329.6440517796251
2557,0.0
2558,868.116938950893
2559,702.5183605297127
2560,0.0
2561,0.0
2562,864.0295308961887
2563,356.58269155567893
2564,0.0
2565,80.19821396290773
2566,151.91327031379828
2567,459.81028813681485
2568,0.0
2569,0.0
2570,334.2381451600185
2571,365.76744566780167
2572,411.17957238902505
2573,214.640451867397
2574,808.9609512501121
2575,0.0
2576,0.0
2577,297.68036545612745
2578,0.0
2579,261.9149429931069
2580,0.0
2581,0.0
2582,0.0
2583,892.8910541840224
2584,139.70582729840802
2585,957.39372657854
2586,791.3771562205802
2587,369.1309334555665
2588,733.1944216254946
2589,0.0
2590,0.0
2591,0.0
2592,474.65561667768213
2593,597.6397552486344
2594,4.520942970552557
2595,0.0
2596,859.5531687474303
2597,0.0
2598,22.09756692953887
2599,0.0
2600,832.9593715096427
2601,838.2773696276956
2602,0.0
2603,0.0
2604,0.0
2605,0.0
2606,0.0
2607,153.97207486442957
2608,351.26827709455546
2609,640.5516492271081
2610,0.0
2611,6.74057868913001
2612,944.2370097188956
2613,0.0
2614,365.4455903592513
2615,0.0
2616,0.0
2617,0.0
2618,508.0151127812019
2619,141.93188816834476
2620,0.0
2621,0.0
2622,0.0
2623,920.923824358119
2624,0.0
2625,0.0
2626,0.0
2627,0.0
2628,0.0
2629,0.0
2630,0.0
2631,0.0
2632,0.0
2633,799.7399369010814
2634,4.807721849517602
2635,434.6286004966369
2636,0.0
2637,0.0
2638,511.50559896196387
2639,30.92031286701346
2640,12.113860853918954
2641,0.0
2642,4.680591625983506
2643,315.3974821580165
2644,903.928849368304
2645,13.47582173069569
2646,0.0
2647,0.0
2648,0.0
2649,53.576869636447064
2650,0.0
2651,52.53279020942992
2652,0.0
2653,0.0
2654,355.7605960574366
2655,673.3717913607808
2656,133.9932560439964
2657,0.0
2658,0.0
2659,72.853838420624
2660,0.0
2661,0.0
2662,0.0
2663,0.0
2664,0.0
2665,0.0
2666,395.891818821162
2667,111.97183241389078
2668,311.88486221099834
2669,531.7695591996581
2670,0.0
2671,0.0
2672,0.0
2673,0.0
2674,186.91568133040116
2675,0.0
2676,847.4194279901913
2677,0.0
2678,564.8002362549869
2679,926.1558167855982
2680,0.0
2681,823.1010978092947
2682,205.35544358753555
2683,339.66519080646907
2684,0.0
2685,534.7234447900532
2686,0.0
2687,0.0
2688,78.43495856002559
2689,0.0
2690,0.0
2691,0.0
2692,830.4137659224848
2693,0.0
2694,0.0
2695,0.0
2696,0.0
2697,719.897983366073
2698,0.0
2699,167.49527749308092
2700,0.0
2701,0.0
2702,0.0
2703,0.0
2704,0.0
2705,0.0
2706,0.0
2707,352.1045582460515
2708,644.9678588494471
2709,0.0
2710,219.96646900803103
2711,0.0
2712,0.0
2713,0.0
2714,368.3940363122139
2715,0.0
2716,790.2874769020784
2717,477.0335690275016
2718,939.227160459268
2719,0.0
2720,485.372154965397
2721,326.8132574361882
2722,757.1863068766602
2723,0.0
2724,210.60944645367434
2725,0.0
2726,908.076041196517
2727,361.1954339929618
2728,505.25609748911194
2729,617.5349459156566
2730,0.0
2731,0.0
2732,574.627715894842
2733,791.5214110740768
2734,725.2174263999244
2735,42.313881301743116
2736,0.0
2737,0.0
2738,23.275488755762012
2739,0.0
2740,140.0887160063963
2741,0.0
2742,0.0
2743,799.7200141494146
2744,724.2295354019521
2745,0.0
2746,11.924046812768292
2747,0.0
2748,179.11036610456105
2749,561.4726932380123
2750,0.0
2751,774.8602945021372
2752,433.96051144366874
2753,436.478287922118
2754,817.143924232056
2755,0.0
2756,0.0
2757,0.0
2758,17.58923625502519
2759,0.0
2760,785.9566224919487
2761,0.0
2762,0.0
2763,4.930651301775825
2764,858.3564173154789
2765,111.96212286937774
2766,0.0
2767,5.9189210247830175
2768,0.0
2769,0.0
2770,0.0
2771,154.45492917397758
2772,0.0
2773,0.0
2774,54.279632857018086
2775,0.0
2776,869.6543709489628
2777,0.0
2778,915.3083303312987
2779,441.4946666748535
2780,0.0
2781,667.8653090974382
2782,0.0
2783,0.0
2784,81.22360494633834
2785,577.1691822640083
2786,279.7698031188837
2787,29.008255932978418
2788,0.0
2789,885.8934931250691
2790,936.837592469503
2791,0.0
2792,0.0
2793,365.0807735709844
2794,306.81138841076677
2795,0.0
2796,422.1451044608981
2797,764.8213202885707
2798,0.0
2799,0.0
2800,791.4094338083808
2801,0.0
2802,0.0
2803,451.7108017226795
2804,41.05718857111602
2805,0.0
2806,0.0
2807,108.79893770764029
2808,117.43387248609736
2809,0.0
2810,0.0
2811,0.0
2812,0.0
2813,280.9137657329684
2814,0.0
2815,0.0
2816,131.04427319114396
2817,0.0
2818,0.0
2819,87.33813109130098
2820,0.0
2821,487.2458330666189
2822,0.0
2823,0.0
2824,0.0
2825,0.0
2826,0.0
2827,76.39048466207569
2828,0.0
2829,772.5080899493001
2830,0.0
2831,861.2409174864977
2832,0.0
2833,350.0238233553878
2834,0.0
2835,378.7484124814886
2836,26.17362609284158
2837,746.0780636213635
2838,22.57566951098166
2839,0.0
2840,793.0283325757755
2841,0.0
2842,263.4560708138963
2843,67.81018285361738
2844,51.50698617877449
2845,490.53226772244255
2846,388.8380883647261
2847,25.867882024637122
2848,454.52071916008765
2849,404.3169033415799
2850,0.0
2851,396.4942077782737
2852,461.090994670791
2853,0.0
2854,559.7817105745413
2855,0.0
2856,0.0
2857,0.0
2858,830.4695060009195
2859,0.0
2860,297.52789616077644
2861,377.82045703826265
2862,0.0
2863,804.4938047170821
2864,0.0
2865,607.6979266301341
2866,901.014135690305
2867,192.20285013896006
2868,0.0
2869,0.0
2870,309.7193983605738
2871,0.0
2872,0.0
2873,0.0
2874,546.5975680556206
2875,0.0
2876,602.5266482040746
2877,71.77910215824866
2878,71.67936365281423
2879,877.0953809881083
2880,766.7756578426279
2881,0.0
2882,273.249522681851
2883,0.0
2884,0.0
2885,41.02452432417788
2886,689.1827589556383
2887,106.67354131128555
2888,0.0
2889,706.6900210491527
2890,912.7017995055452
2891,0.0
2892,0.0
2893,0.0
2894,656.7392854779149
2895,0.0
2896,0.0
2897,62.77248403048422
2898,0.0
2899,0.0
2900,0.0
2901,361.2922501707116
2902,0.0
2903,0.0
2904,0.0
2905,701.8608280593348
2906,0.0
2907,0.0
2908,594.9523042997308
2909,3.565949176156148
2910,0.0
2911,0.0
2912,0.0
2913,0.0
2914,0.0
2915,0.0
2916,806.6482421149466
2917,0.0
2918,73.2130527279158
2919,0.0
2920,183.7298640753397
2921,241.50873243876836
2922,234.1727664769205
2923,33.588225118821626
2924,26.42752926210536
2925,8.466204511819722
2926,928.0450908187306
2927,0.0
2928,0.0
2929,0.0
2930,0.0
2931,0.0
2932,0.0
2933,764.8240597635165
2934,0.0
2935,0.0
2936,80.23262152333994
2937,0.0
2938,65.36507666055013
2939,0.0
2940,0.0
2941,19.17107580052966
2942,187.17125465748836
2943,0.0
2944,0.0
2945,836.4096454487913
2946,0.0
2947,848.5137860424248
2948,0.0
2949,36.03850863932382
2950,0.0
2951,519.2282163123784
2952,0.0
2953,387.821350224648
2954,0.0
2955,15.155728564644626
2956,0.0
2957,0.0
2958,46.30485823437395
2959,805.0965120364596
2960,0.0
2961,734.2046727845002
2962,0.0
2963,0.0
2964,78.55286139541613
2965,0.0
2966,15.162906424051005
2967,0.0
2968,0.0
2969,0.0
2970,0.0
2971,0.0
2972,0.0
2973,891.0595658898586
2974,769.3137925227294
2975,0.0
2976,0.0
2977,388.87607594259805
2978,0.0
2979,0.0
2980,950.4749507465009
2981,62.19965862512797
2982,0.0
2983,0.0
2984,0.0
2985,169.53864886430785
2986,0.0
2987,0.0
2988,293.46662216242356
2989,0.0
2990,0.0
2991,240.43325386717348
2992,43.45853821209406
2993,126.44549700728913
2994,458.4194238627334
2995,932.4420595548047
2996,0.0
2997,0.0
2998,0.0
2999,529.744988424568
3000,95.73169573162215
3001,0.0
3002,0.0
3003,797.4971735915683
3004,514.7268277917093
3005,500.59798657544764
3006,0.0
3007,918.9482893771253
3008,168.09382155544128
3009,0.0
3010,0.0
3011,917.9104846496398
3012,0.0
3013,0.0
3014,361.72890660936935
3015,0.0
3016,0.0
3017,0.0
3018,821.4653649785506
3019,0.0
3020,0.0
3021,83.04425892580326
3022,0.0
3023,817.5591244909805
3024,0.0
3025,591.6980701016096
3026,788.0288463155049
3027,165.17851049772193
3028,511.9812523471917
3029,344.0678472158169
3030,0.0
3031,926.8801435022089
3032,0.0
3033,0.0
3034,0.0
3035,744.3595039264178
3036,0.0
3037,431.0986188280875
3038,233.20516180220352
3039,0.0
3040,500.1627109298391
3041,0.0
3042,0.0
3043,0.0
3044,879.8858403414143
3045,86.32634472871469
3046,0.0
3047,0.0
3048,30.18377004948397
3049,0.0
3050,13.529356683660472
3051,0.0
3052,820.7874499451975
3053,839.6852561400378
3054,0.0
3055,0.0
3056,113.84686178416646
3057,0.0
3058,0.0
3059,0.0
3060,748.3536769298032
3061,0.0
3062,0.0
3063,23.012740999959174
3064,751.980260152158
3065,0.0
3066,855.303236724971
3067,0.0
3068,0.0
3069,0.0
3070,488.4055705459778
3071,35.592650140766665
3072,0.0
3073,261.3057970544443
3074,159.8332468974827
3075,292.6828175564033
3076,263.2195858816248
3077,0.0
3078,565.7276005377654
3079,0.0
3080,32.78944963500132
3081,0.0
3082,353.15503707454644
3083,0.0
3084,564.6193620444359
3085,0.0
3086,0.0
3087,65.45085509370783
3088,0.0
3089,0.0
3090,0.0
3091,0.0
3092,383.83842255366216
3093,889.4940635438887
3094,0.0
3095,0.0
3096,135.43201899433663
3097,0.0
3098,0.0
3099,27.730427659058744
3100,0.0
3101,0.0
3102,903.6353707670589
3103,0.0
3104,0.0
3105,417.14797341594056
3106,0.0
3107,0.0
3108,406.8926165848316
3109,5.553131415255112
3110,0.0
3111,0.0
3112,0.0
3113,0.0
3114,86.58572322820726
3115,0.0
3116,0.0
3117,874.9615586148539
3118,842.3333684669864
3119,20.77608924646469
3120,0.0
3121,8.832294940741294
3122,892.2568290072451
3123,621.6773156670223
3124,0.0
3125,20.8305104985927
3126,0.0
3127,0.0
3128,0.0
3129,0.0
3130,907.7931555107523
3131,606.1208761080027
3132,435.1594552923313
3133,0.0
3134,181.0958758218726
3135,0.0
3136,0.0
3137,343.82909281441107
3138,788.433276299978
3139,0.0
3140,0.0
3141,0.0
3142,0.0
3143,84.8917207780689
3144,254.96814569577808
3145,0.0
3146,0.0
3147,191.95903600175905
3148,548.4338108286107
3149,557.3805846924753
3150,0.0
3151,522.8409096959042
3152,0.0
3153,189.2822605998942
3154,0.0
3155,0.0
3156,0.0
3157,0.0
3158,0.0
3159,210.20972140553124
3160,75.14113487660332
3161,0.0
3162,417.49367047430326
3163,719.1257439721085
3164,0.0
3165,0.0
3166,656.5176371820806
3167,0.0
3168,0.0
3169,0.0
3170,61.12637627221885
3171,324.58453362359216
3172,0.0
3173,388.2324503589427
3174,0.0
3175,0.0
3176,653.900571784058
3177,312.66014451577774
3178,0.0
3179,0.0
3180,0.0
3181,0.0
3182,0.0
3183,0.0
3184,0.0
3185,0.0
3186,233.19712543072532
3187,48.45267868140105
3188,827.1018037404124
3189,0.0
3190,796.863998197304
3191,464.0516809517959
3192,82.01474954490982
3193,838.7191690145221
3194,534.748007957546
3195,21.25513636005583
3196,0.0
3197,0.0
3198,0.0
3199,13.03189431914578
3200,444.22069220911925
3201,644.7382881604808
3202,915.2950386069164
3203,545.9303119283101
3204,954.3057638613308
3205,0.0
3206,419.4874250736984
3207,711.4876816734211
3208,347.71933568875716
3209,0.0
3210,951.5189783583618
3211,635.3877311198174
3212,0.0
3213,0.0
3214,489.69422276266357
3215,414.64676420757144
3216,762.3977645274962
3217,0.0
3218,0.0
3219,28.66160456988806
3220,170.48974067092817
3221,144.63315109847514
3222,0.0
3223,894.1386151243529
3224,0.0
3225,0.0
3226,0.0
3227,0.0
3228,0.0
3229,0.0
3230,207.71145179781067
3231,16.14165667085999
3232,0.0
3233,256.59356644771657
3234,0.0
3235,7.044990744362611
3236,0.0
3237,0.0
3238,0.0
3239,816.045810168272
3240,0.0
3241,0.0
3242,0.0
3243,0.0
3244,493.12223583117384
3245,0.0
3246,772.0811292846764
3247,0.0
3248,0.0
3249,290.40828259017496
3250,0.0
3251,814.2394612566935
3252,95.11941087215666
3253,0.0
3254,0.0
3255,932.8007763159986
3256,0.0
3257,336.4005084617738
3258,0.0
3259,0.0
3260,0.0
3261,0.0
3262,0.0
3263,283.4709966420876
3264,0.0
3265,0.0
3266,23.528172456469
3267,383.4253678194005
3268,0.0
3269,0.0
3270,0.0
3271,0.0
3272,0.0
3273,0.0
3274,0.0
3275,0.0
3276,529.5014413306418
3277,942.6853626311387
3278,436.0754178268509
3279,0.0
3280,0.0
3281,0.0
3282,940.3540109813146
3283,0.0
3284,0.0
3285,0.0
3286,868.3430150870695
3287,0.0
3288,662.4382385295136
3289,770.8864198675935
3290,0.0
3291,0.0
3292,410.81268204629964
3293,390.475800957194
3294,0.0
3295,32.632573438983215
3296,0.0
3297,18.541947435429925
3298,0.0
3299,201.83401162876598
3300,0.0
3301,427.5840100867272
3302,0.0
3303,0.0
3304,0.0
3305,741.590257052321
3306,0.0
3307,0.0
3308,484.7520538984838
3309,0.0
3310,0.0
3311,425.8647221834773
3312,123.81215955161261
3313,160.5401721048982
3314,478.3097186814221
3315,599.8404654478878
3316,0.0
3317,69.28654629053935
3318,0.0
3319,77.15613422493797
3320,763.2268873121477
3321,0.0
3322,0.0
3323,0.0
3324,0.0
3325,0.0
3326,830.6079874572291
3327,0.0
3328,283.5181738082424
3329,91.63581961170776
3330,882.4048286108057
3331,0.0
3332,82.11431654175415
3333,0.0
3334,921.2029664235058
