ID,TARGET
1,505.03049607321157
2,0.0
3,0.0
4,0.0
5,0.0
6,408.61459963926677
7,0.0
8,0.0
9,439.99952775552987
10,930.1183769897003
11,421.2323107820118
12,826.3810054765902
13,0.0
14,850.1182330800277
15,0.0
16,0.0
17,0.0
18,0.0
19,45.064790173909465
20,919.1059288932641
21,568.8344706041884
22,0.0
23,0.0
24,0.0
25,946.3902504512571
26,812.6185405554993
27,0.0
28,0.0
29,815.5726020635999
30,0.0
31,0.0
32,0.0
33,0.0
34,535.9588618663927
35,64.03186197075361
36,0.0
37,0.0
38,313.5580643395345
39,22.83473956057865
40,0.0
41,0.0
42,0.0
43,793.8581238423708
44,771.4388672193696
45,0.0
46,0.0
47,16.82481216261246
48,573.832293187751
49,0.0
50,0.0
51,0.0
52,781.0034634899705
53,0.0
54,43.51933443105014
55,0.0
56,425.0154569277687
57,0.0
58,0.0
59,0.0
60,0.0
61,0.0
62,0.0
63,92.52567225590838
64,0.0
65,360.8545610925159
66,0.0
67,0.0
68,0.0
69,0.0
70,0.0
71,0.0
72,0.0
73,278.06806994791134
74,57.48753718798089
75,0.0
76,270.6845361003476
77,103.50270708092211
78,771.6632006834491
79,0.0
80,0.0
81,0.0
82,0.0
83,0.0
84,0.0
85,500.9713191360619
86,0.0
87,16.86976604953803
88,407.4958892893387
89,0.0
90,0.0
91,142.78083156842155
92,0.0
93,0.0
94,0.0
95,0.0
96,0.0
97,801.2266524603599
98,316.7917168384027
99,0.0
100,0.0
101,8.06229985491457
102,0.0
103,0.0
104,0.0
105,2.0318631514197363
106,359.7625494102957
107,956.8891161976723
108,0.0
109,0.0
110,915.8572144603155
111,0.0
112,846.1771632659074
113,507.1270373404189
114,525.9035339014857
115,0.0
116,0.0
117,0.0
118,485.04279907293204
119,498.77982955844465
120,0.0
121,737.380290153525
122,69.31384163624008
123,0.0
124,908.6572328440615
125,0.0
126,0.0
127,0.0
128,395.918470464832
129,795.5769739106399
130,0.0
131,0.0
132,322.3864681310802
133,288.34327868837534
134,0.0
135,535.9688962113166
136,6.951461551524101
137,403.1931354302865
138,0.0
139,693.9730800117192
140,0.0
141,821.6663526511945
142,596.8308108668082
143,115.89878023234006
144,0.0
145,0.0
146,0.0
147,0.0
148,0.0
149,0.0
150,0.0
151,794.9163456491397
152,0.0
153,688.3650585661076
154,0.0
155,21.65808613832045
156,766.4933060608726
157,886.611536571191
158,0.0
159,0.0
160,471.2772483166063
161,0.0
162,0.0
163,122.68865474653855
164,0.0
165,0.0
166,25.887319570006696
167,613.8383653049149
168,0.0
169,892.0770424164211
170,852.2483498068887
171,322.90071353009694
172,0.0
173,0.0
174,144.65669923696856
175,0.0
176,344.53413096252086
177,655.2602783422298
178,530.3030820485778
179,765.1393332882024
180,384.3565419993143
181,0.0
182,0.0
183,0.0
184,0.0
185,0.0
186,530.6394947433142
187,68.38762217887344
188,0.0
189,0.0
190,176.1833600868512
191,191.4874691371524
192,0.0
193,41.69355690341982
194,111.90811000857771
195,0.0
196,0.0
197,0.0
198,0.0
199,83.44347390546397
200,126.525382055392
201,0.0
202,0.0
203,808.7532534377295
204,0.0
205,0.0
206,0.0
207,41.78494020363491
208,725.4863624323042
209,0.0
210,402.33125032377063
211,933.1641488121812
212,128.78115035641352
213,0.0
214,154.33187107211972
215,0.0
216,0.0
217,753.3578009256439
218,0.0
219,0.0
220,0.0
221,382.80596797976557
222,84.50794581110765
223,191.60931345039836
224,0.0
225,0.0
226,791.4539550778853
227,654.0374990584037
228,623.8784022475122
229,0.0
230,0.0
231,865.2020682881797
232,0.0
233,36.59791265238431
234,242.65423245467548
235,0.0
236,0.0
237,0.0
238,111.32348622905415
239,793.1994713211143
240,872.027327091845
241,621.8787362187184
242,0.0
243,0.0
244,0.0
245,0.0
246,215.0856175281275
247,140.67346546070874
248,41.20757905301601
249,0.0
250,0.0
251,286.81311631873825
252,400.7738085702473
253,0.0
254,887.6772982271725
255,0.0
256,315.29754455788367
257,496.7250535916482
258,0.0
259,0.0
260,0.0
261,626.0475959974924
262,560.0012701523286
263,554.7651681434958
264,0.0
265,0.0
266,242.5882089450672
267,6.2927786441088704
268,734.6240094629907
269,0.0
270,800.5883329187384
271,0.0
272,48.400502636517395
273,0.0
274,60.95864653808063
275,697.6069414684692
276,0.0
277,0.0
278,0.0
279,0.0
280,726.8413453046941
281,660.4638798382157
282,472.1664574300216
283,472.84896640545776
284,0.0
285,367.5582354409605
286,0.0
287,0.0
288,0.0
289,0.0
290,0.0
291,465.6553578222927
292,167.9063364515868
293,0.0
294,565.088071116849
295,195.55790539754196
296,302.8376021798637
297,450.4567450279113
298,0.0
299,0.0
300,0.0
301,424.0287422143058
302,211.13400889165902
303,0.0
304,31.248247889899424
305,0.0
306,0.0
307,0.0
308,477.00032295806074
309,0.0
310,244.93478553949774
311,0.0
312,0.0
313,0.0
314,0.0
315,0.0
316,0.0
317,0.0
318,554.4197120688651
319,337.08897006281245
320,0.0
321,0.0
322,6.083410626759092
323,658.4471717348508
324,957.4199746353299
325,0.0
326,415.60345812435486
327,0.0
328,76.83453142405487
329,611.5153566770203
330,0.0
331,732.3938441558616
332,0.0
333,248.65004188394613
334,0.0
335,799.0952809007742
336,77.69090751480238
337,276.5419871976942
338,516.7711840206374
339,0.0
340,40.24524667625417
341,0.0
342,729.6237469226876
343,0.0
344,0.0
345,0.0
346,0.0
347,0.0
348,558.527095472348
349,0.0
350,0.0
351,0.0
352,387.5725303201723
353,90.72994150730305
354,0.0
355,560.7214104876152
356,0.0
357,0.0
358,0.0
359,0.0
360,3.1275949075364946
361,939.6585565810511
362,0.0
363,533.4193156932397
364,0.0
365,0.0
366,876.4388294482537
367,25.431409567071675
368,0.0
369,0.0
370,531.2261096584143
371,0.0
372,0.0
373,623.3784334174392
374,154.00776085657407
375,0.0
376,214.40890914207776
377,656.7958344545386
378,754.9187849283007
379,0.0
380,0.0
381,0.0
382,1.4689550052452367
383,39.0920374407485
384,637.7546647393527
385,0.0
386,0.0
387,99.26681533096362
388,0.0
389,37.52157019586326
390,0.0
391,0.0
392,379.9787227619289
393,0.0
394,0.0
395,592.9543516153399
396,0.0
397,481.918366443209
398,921.294501189526
399,523.4273047640154
400,308.1532770277028
401,0.0
402,147.19182199923276
403,0.0
404,0.0
405,0.0
406,913.6210308105924
407,0.0
408,0.0
409,98.28199802171622
410,830.6511704380064
411,588.2217300131767
412,0.0
413,15.763931714046352
414,277.58536389196894
415,713.1405486643222
416,8.428457190182804
417,0.0
418,9.191111290495627
419,71.05003366251856
420,0.0
421,0.0
422,0.0
423,0.0
424,521.6643585745221
425,0.0
426,218.3882817399869
427,0.0
428,678.4358440324048
429,0.0
430,0.0
431,232.44338632967634
432,0.0
433,0.0
434,0.0
435,0.0
436,0.0
437,90.65638744025298
438,597.5681695368278
439,928.2510579568105
440,0.0
441,656.7777413788017
442,0.0
443,24.70799256817804
444,174.18851614693736
445,0.0
446,238.57540306001962
447,892.9146238383308
448,574.4281094219073
449,41.266044999240265
450,0.0
451,0.0
452,186.5113950268627
453,804.9655009764035
454,700.8452808437515
455,710.6142897845149
456,0.0
457,0.0
458,0.0
459,0.0
460,807.6856650801652
461,0.0
462,43.76273946208726
463,379.42082815608705
464,753.0939807048762
465,0.0
466,0.0
467,251.73463039777064
468,714.7916891838689
469,0.0
470,0.0
471,837.2728239815274
472,654.3196174705831
473,0.0
474,0.0
475,732.5087456818234
476,0.0
477,0.0
478,0.0
479,176.52077318314863
480,71.5102874746854
481,851.5631594513319
482,182.25468540815314
483,217.79354655735278
484,0.0
485,274.7924421181933
486,0.0
487,308.1513726947803
488,444.9805512986148
489,960.0411654897651
490,502.81609814567867
491,445.0132641236519
492,0.0
493,923.3432931363759
494,340.6936456604034
495,0.0
496,0.0
497,0.0
498,0.0
499,366.6987955107118
500,330.702820768024
501,434.4955130712136
502,0.0
503,0.0
504,927.3400323739172
505,0.0
506,645.3355096298692
507,0.0
508,439.518353960946
509,440.1799543335014
510,682.3100633569514
511,87.90902205282293
512,0.0
513,798.3578181566008
514,515.9053781999236
515,785.483753971261
516,862.9475670216177
517,942.5730023066018
518,0.0
519,779.5208243019583
520,0.0
521,0.0
522,0.0
523,0.0
524,895.0214697603228
525,0.0
526,0.0
527,0.0
528,881.8987080469008
529,0.0
530,461.68760889726207
531,0.0
532,0.0
533,0.0
534,0.0
535,0.0
536,27.765630923048505
537,0.0
538,0.0
539,0.0
540,959.0529898055743
541,0.0
542,66.50285497429844
543,164.9724231688216
544,0.0
545,0.0
546,206.95895721819315
547,0.0
548,0.0
549,2.7759057431783143
550,0.0
551,0.0
552,480.26367172101374
553,773.0387372166358
554,0.0
555,0.0
556,0.0
557,0.0
558,11.48724224062238
559,0.0
560,0.0
561,48.63453156465565
562,0.0
563,188.76300229733243
564,449.67483953525266
565,0.0
566,166.90698830441175
567,0.0
568,224.9485803367571
569,0.0
570,235.41230355467968
571,11.828583912223374
572,99.07509552583996
573,0.0
574,871.5447211172877
575,0.0
576,25.15568268000376
577,915.7632506908218
578,0.0
579,754.390562878328
580,812.622176024958
581,90.05317376290739
582,482.96068321158276
583,0.0
584,0.0
585,0.0
586,772.1252452637899
587,0.0
588,46.92490462940722
589,64.8618165305635
590,0.0
591,0.0
592,0.0
593,0.0
594,0.0
595,416.72025081460083
596,347.6984525437453
597,0.0
598,0.0
599,278.13481772399064
600,0.0
601,351.1126774773494
602,311.5589165515047
603,935.7067693232896
604,0.0
605,0.0
606,0.0
607,0.0
608,0.0
609,619.0285878229748
610,146.99839444877287
611,0.0
612,878.2760945429693
613,0.0
614,0.0
615,366.2501438210726
616,764.527033786539
617,207.88011728144227
618,545.8382839853741
619,800.1487363519851
620,89.2558741974812
621,245.7383844250514
622,932.4655504529804
623,0.0
624,0.0
625,0.0
626,0.0
627,864.4589255852982
628,0.0
629,60.22121014917753
630,0.0
631,0.0
632,690.3626035355294
633,75.62247443598704
634,328.41569165461624
635,21.436790294539097
636,0.0
637,0.0
638,184.74758623252845
639,0.0
640,0.0
641,0.0
642,631.420181580161
643,794.6787129316668
644,0.0
645,0.0
646,203.13112985891868
647,0.0
648,947.929565565868
649,0.0
650,574.4384131049948
651,0.0
652,26.84843669704799
653,847.3774274202668
654,0.0
655,711.1384980014002
656,895.6132180196306
657,15.503041166482426
658,0.0
659,0.0
660,0.0
661,0.0
662,0.0
663,0.0
664,0.0
665,884.2731964952413
666,178.03570120496317
667,162.33625555033183
668,97.54794099481998
669,0.0
670,563.0808216926741
671,0.0
672,0.0
673,8.064226814837399
674,135.89131355090606
675,0.0
676,0.0
677,0.0
678,126.79281406686279
679,0.0
680,206.64445438642474
681,384.0664451355216
682,858.9603030806616
683,0.0
684,397.93708114018045
685,840.1348288951531
686,419.04677886844377
687,0.0
688,0.0
689,962.7015276211285
690,632.3968827543102
691,502.3264280919852
692,882.3653434245698
693,0.0
694,219.44355432984176
695,0.0
696,274.25807560052374
697,0.0
698,918.8253996889156
699,636.2005395494214
700,828.8802743895371
701,21.30480139084452
702,0.0
703,572.9408639212116
704,0.0
705,930.3616518966031
706,97.35674253640161
707,0.0
708,0.0
709,0.0
710,402.6780719775909
711,0.0
712,244.50987963881016
713,0.0
714,0.0
715,0.0
716,327.4324215383093
717,840.5029797618765
718,0.0
719,808.4339153679479
720,75.3973231610129
721,799.2461914844529
722,0.0
723,6.435056929355431
724,0.0
725,170.2482901816719
726,111.09186284290362
727,0.0
728,571.9886448029292
729,4.077231333403745
730,0.0
731,0.0
732,0.0
733,901.1408558138659
734,913.1785425998505
735,0.0
736,0.0
737,0.0
738,702.817327693185
739,673.55573218323
740,0.0
741,841.5175473661657
742,354.3613970928476
743,0.0
744,0.0
745,0.0
746,821.0751504953494
747,0.0
748,0.0
749,0.0
750,700.9408434781649
751,0.0
752,478.56536726265693
753,0.0
754,264.7965555931721
755,434.5215249776105
756,857.8749128852216
757,245.79964521587715
758,906.2456157859716
759,0.0
760,0.0
761,0.0
762,608.3303206090568
763,0.0
764,271.8718028611772
765,943.2162276217683
766,0.0
767,0.0
768,39.62078971964716
769,0.0
770,0.0
771,0.0
772,270.99585331099144
773,0.0
774,731.5562383473364
775,405.2102836672805
776,76.20881378849171
777,567.152737022181
778,443.21267324127615
779,744.5457545657582
780,821.2513435523655
781,0.0
782,609.3083086567625
783,808.8624601746499
784,0.0
785,0.0
786,378.8463645591779
787,0.0
788,353.7152668428888
789,0.0
790,0.0
791,0.0
792,0.0
793,0.0
794,355.3808327391755
795,0.0
796,0.0
797,75.28154924433714
798,483.7791858417091
799,0.0
800,554.1861424850534
801,0.0
802,0.0
803,0.0
804,0.0
805,896.2182163120003
806,0.0
807,0.0
808,4.468578047815146
809,864.0176760349638
810,80.90805640322925
811,20.537281933489155
812,0.0
813,860.9146818151664
814,0.0
815,0.0
816,0.0
817,0.0
818,804.3386892791136
819,0.0
820,0.0
821,644.6174705507858
822,460.69950040939335
823,0.0
824,0.0
825,933.5392940228054
826,183.3637775981328
827,113.91760709052984
828,82.13649752939432
829,634.447594917438
830,0.0
831,356.019270598381
832,0.0
833,0.0
834,0.0
835,0.0
836,649.3940935180951
837,761.9719374097112
838,757.9640327495156
839,0.0
840,226.15643631978955
841,818.5063197700256
842,35.245989290597365
843,0.0
844,0.0
845,5.073379881444151
846,0.0
847,110.6120054306685
848,547.9042403217534
849,0.0
850,868.4344531985539
851,0.0
852,0.0
853,0.0
854,279.24602370242457
855,849.1486931101059
856,0.0
857,0.0
858,0.0
859,136.49549602809688
860,10.77758485128859
861,356.0449662812576
862,0.0
863,0.0
864,305.6014509868793
865,52.81210676152294
866,0.0
867,448.24759918513706
868,0.0
869,239.8730442445367
870,0.0
871,0.0
872,0.0
873,858.4303149711648
874,843.908767561858
875,111.67771489950927
876,79.76591373190436
877,305.19201722758027
878,0.0
879,0.0
880,404.7074067585706
881,3.4703324455759197
882,574.755835033821
883,0.0
884,424.6241409331815
885,244.94897705445987
886,0.0
887,176.89683630834796
888,70.53744899240371
889,357.78292517277305
890,0.0
891,454.8632477958894
892,0.0
893,38.26431270816469
894,43.01028770526758
895,0.0
896,399.1334752927217
897,265.4574608860917
898,0.0
899,0.0
900,0.0
901,832.015459518928
902,0.0
903,0.0
904,0.0
905,0.0
906,21.5698451438314
907,830.1735674240147
908,0.0
909,0.0
910,111.23329372672238
911,0.0
912,909.2362336068743
913,0.0
914,23.22694714875119
915,0.0
916,74.70334429645295
917,8.957787577688245
918,931.8783307504552
919,262.2613130377176
920,180.76996407026928
921,0.0
922,756.628341256835
923,0.0
924,0.0
925,0.0
926,0.0
927,140.51742219567478
928,0.0
929,0.0
930,0.0
931,0.0
932,264.3407092966553
933,9.63438325765216
934,0.0
935,0.0
936,0.0
937,959.6199617296913
938,0.0
939,0.0
940,0.0
941,0.0
942,86.85150783690257
943,0.0
944,0.0
945,0.0
946,0.0
947,0.0
948,0.0
949,122.12011394447367
950,422.1573766850672
951,293.69317590145414
952,0.0
953,203.61799799212497
954,810.6326214269017
955,0.0
956,0.0
957,471.3969547386503
958,0.0
959,271.4642945061691
960,0.0
961,10.948386617870216
962,481.608843983131
963,0.0
964,272.86332892706866
965,0.0
966,0.0
967,759.3421959396251
968,0.0
969,7.908063025478344
970,181.04131610993412
971,743.5765151755531
972,0.0
973,914.4347487948164
974,30.02882779215613
975,891.8567563491134
976,0.0
977,0.0
978,0.0
979,0.0
980,208.05345553966518
981,0.0
982,908.7172139134497
983,0.0
984,0.0
985,0.0
986,448.4015911085199
987,0.0
988,0.0
989,313.50892023496095
990,0.0
991,0.0
992,817.0960915024939
993,0.0
994,313.44275713255786
995,0.0
996,502.4966704882856
997,204.18041409014245
998,0.0
999,413.03591048377126
1000,0.0
1001,164.75832369487142
1002,467.05757503870956
1003,0.0
1004,0.0
1005,0.0
1006,86.17839474789218
1007,0.0
1008,0.0
1009,0.0
1010,125.93438564488771
1011,0.0
1012,0.0
1013,0.0
1014,0.0
1015,368.6117951845565
1016,0.0
1017,583.0274500946549
1018,0.0
1019,840.9948988150529
1020,0.0
1021,0.0
1022,0.0
1023,0.0
1024,53.50137825570434
1025,0.0
1026,161.56586284814904
1027,0.0
1028,0.0
1029,895.2517152436909
1030,578.1581810374252
1031,0.0
1032,0.0
1033,0.0
1034,0.0
1035,0.0
1036,617.187988193177
1037,892.0664658175704
1038,0.0
1039,0.0
1040,0.0
1041,29.606913172420164
1042,94.89893592696822
1043,272.2585224579608
1044,0.0
1045,0.0
1046,0.0
1047,0.0
1048,269.4184285508118
1049,0.0
1050,381.4579420337408
1051,0.0
1052,0.0
1053,0.0
1054,0.0
1055,0.0
1056,64.18544229524574
1057,946.9683500223312
1058,269.16629881131837
1059,764.2696156220856
1060,140.34985320477674
1061,0.0
1062,417.30145886893064
1063,0.0
1064,0.0
1065,782.0370643706854
1066,0.0
1067,0.0
1068,0.0
1069,0.0
1070,0.0
1071,94.6998342140494
1072,0.0
1073,225.32372725140567
1074,0.0
1075,19.918202760259593
1076,0.0
1077,445.71156736674027
1078,0.0
1079,0.0
1080,0.0
1081,0.0
1082,0.0
1083,320.2327506741127
1084,547.6413517182335
1085,0.0
1086,674.4267264327837
1087,0.0
1088,693.9209690493178
1089,724.182093084991
1090,0.0
1091,652.7817739899562
1092,0.0
1093,0.0
1094,0.0
1095,446.29872175761125
1096,0.0
1097,0.0
1098,0.0
1099,0.0
1100,0.0
1101,0.0
1102,0.0
1103,314.5864751016611
1104,761.2960664572979
1105,0.0
1106,0.0
1107,418.1348241902668
1108,135.6220876660254
1109,800.4199668856388
1110,0.0
1111,114.58691993343386
1112,43.084442388466286
1113,751.8659665558096
1114,507.01108810402053
1115,0.0
1116,0.0
1117,0.0
1118,0.0
1119,790.235793657555
1120,88.99042022177623
1121,0.0
1122,97.0853653839201
1123,839.690733110402
1124,0.0
1125,126.27868106310481
1126,0.0
1127,0.0
1128,54.269170786805745
1129,766.2343119318652
1130,0.0
1131,893.9431132023117
1132,207.01291772225977
1133,0.0
1134,0.0
1135,191.51092461982626
1136,0.0
1137,823.1972937526343
1138,0.0
1139,0.0
1140,0.0
1141,0.0
1142,0.0
1143,742.4465757755165
1144,0.0
1145,0.0
1146,0.0
1147,625.230899797996
1148,0.0
1149,0.0
1150,0.0
1151,0.0
1152,0.0
1153,0.0
1154,0.0
1155,15.462723732529899
1156,0.0
1157,765.5131486006223
1158,0.0
1159,0.0
1160,40.703205898133895
1161,693.7955056991541
1162,11.01592655475356
1163,0.0
1164,564.5004855558815
1165,854.3397578216739
1166,0.0
1167,0.0
1168,0.0
1169,3.68791765638116
1170,0.0
1171,670.8269417743169
1172,0.0
1173,622.7868440842751
1174,29.528365331426002
1175,340.5290667263158
1176,0.0
1177,306.1883940373877
1178,381.2768695458311
1179,794.6060398848775
1180,0.0
1181,51.312378111999514
1182,24.530103485863663
1183,0.0
1184,285.5221399934517
1185,0.0
1186,533.8526660853212
1187,275.14217846017175
1188,344.47117270202125
1189,70.84610169321307
1190,0.0
1191,728.7728866647194
1192,0.0
1193,0.0
1194,0.0
1195,571.535209369712
1196,0.0
1197,0.0
1198,208.8043532590845
1199,425.6558142965123
1200,0.0
1201,0.0
1202,743.5369471148881
1203,44.7456167806903
1204,0.0
1205,41.48117307750509
1206,0.0
1207,739.6685539297763
1208,0.0
1209,0.0
1210,0.0
1211,0.0
1212,0.0
1213,0.0
1214,198.7652546115478
1215,0.0
1216,0.0
1217,167.96534058198972
1218,0.0
1219,907.8909780126904
1220,634.8352405414407
1221,0.0
1222,0.0
1223,0.0
1224,937.6185300246736
1225,0.0
1226,63.61601379928451
1227,0.0
1228,462.5686673403936
1229,0.0
1230,946.89850467933
1231,528.6036264523926
1232,0.0
1233,0.0
1234,728.2597942586893
1235,857.9533258391153
1236,445.479408814066
1237,0.0
1238,0.0
1239,0.0
1240,0.0
1241,806.6292917532426
1242,747.8283284228864
1243,0.0
1244,0.0
1245,563.1753433805347
1246,41.0884253967628
1247,0.0
1248,186.11887840809362
1249,609.3556029601351
1250,922.8671608517207
1251,0.0
1252,692.2618588546724
1253,293.7040031204416
1254,322.79804727428564
1255,0.0
1256,0.0
1257,789.620262940837
1258,0.0
1259,0.0
1260,624.5083887768249
1261,63.8096243200771
1262,818.3584236012072
1263,0.0
1264,16.481424915480368
1265,0.0
1266,29.296832665768893
1267,0.0
1268,0.0
1269,646.7285757711039
1270,7.274406250982555
1271,903.865325372013
1272,779.3164920594213
1273,0.0
1274,235.96223226538538
1275,0.0
1276,631.6646681005624
1277,118.36550330649035
1278,0.0
1279,0.0
1280,0.0
1281,359.35017257445713
1282,341.41288418776304
1283,0.0
1284,594.8654254419844
1285,0.0
1286,0.0
1287,209.49844452529786
1288,765.1002753479229
1289,0.0
1290,167.56296770784775
1291,822.9062790289472
1292,0.0
1293,0.0
1294,0.0
1295,39.367683914965966
1296,541.3902165151839
1297,422.40491479402
1298,723.3862402379241
1299,0.0
1300,937.3380933620216
1301,110.91566124408915
1302,0.0
1303,198.9370189440693
1304,0.0
1305,257.4531665403744
1306,562.3147302198429
1307,0.0
1308,0.0
1309,0.0
1310,0.0
1311,0.0
1312,105.21616665570538
1313,79.8582974252747
1314,0.0
1315,0.0
1316,0.0
1317,0.0
1318,430.1924603530589
1319,54.078549244116616
1320,537.2828367851046
1321,0.0
1322,0.0
1323,585.7650952979386
1324,0.0
1325,0.0
1326,287.60733925454446
1327,0.0
1328,246.446171457021
1329,0.0
1330,696.7919216782057
1331,181.11742433374513
1332,390.95427018842975
1333,62.86783020785691
1334,950.2642357615327
1335,0.0
1336,0.0
1337,571.1922918991
1338,0.0
1339,64.32005909552218
1340,0.0
1341,718.780409873806
1342,0.0
1343,0.0
1344,802.7006768363132
1345,0.0
1346,0.0
1347,442.05806652892977
1348,0.0
1349,0.0
1350,0.0
1351,0.0
1352,166.884180919606
1353,432.7387189591172
1354,0.0
1355,0.0
1356,0.0
1357,41.33642224582017
1358,368.6076580830579
1359,0.0
1360,0.0
1361,112.79306107802614
1362,279.03751841793763
1363,0.0
1364,73.83788479635028
1365,0.0
1366,0.0
1367,0.0
1368,771.4971155966459
1369,845.2305766244353
1370,0.0
1371,258.7896312524742
1372,897.6241648057774
1373,0.0
1374,417.6631616679948
1375,0.0
1376,0.0
1377,372.82314019083344
1378,587.1419632453863
1379,0.0
1380,582.8580227378402
1381,0.0
1382,0.0
1383,625.7961585576611
1384,0.0
1385,0.0
1386,0.0
1387,0.0
1388,0.0
1389,0.0
1390,0.0
1391,56.10553615091653
1392,0.0
1393,0.0
1394,0.0
1395,45.83146341741765
1396,671.6625012504019
1397,0.0
1398,0.0
1399,0.0
1400,206.88029910026899
1401,0.0
1402,0.0
1403,0.0
1404,0.0
1405,0.0
1406,148.54220407152505
1407,51.26156304942993
1408,0.0
1409,0.0
1410,0.0
1411,54.55792773908004
1412,13.121353522475726
1413,0.0
1414,0.0
1415,420.07880879343105
1416,0.0
1417,0.0
1418,727.303344101378
1419,361.97144935231586
1420,0.0
1421,18.077870848858762
1422,688.6505852236737
1423,245.90335318534116
1424,802.4282209851287
1425,0.0
1426,0.0
1427,0.0
1428,0.0
1429,876.2902900376423
1430,0.0
1431,0.0
1432,0.0
1433,14.753552510632614
1434,0.0
1435,0.0
1436,354.1879347761966
1437,333.5478323963157
1438,75.87750828611095
1439,265.59084067035997
1440,0.0
1441,0.0
1442,61.961079477213275
1443,296.0137820405796
1444,0.0
1445,598.8514179645802
1446,0.0
1447,0.0
1448,0.0
1449,0.0
1450,565.1267201156729
1451,0.0
1452,450.0855311205918
1453,303.8603689529362
1454,0.0
1455,0.0
1456,0.0
1457,879.3093636301373
1458,0.0
1459,8.251005506985168
1460,9.459015619212686
1461,668.5274916545009
1462,699.5264813526859
1463,36.45859204320537
1464,185.09617191304017
1465,92.01433281833111
1466,0.0
1467,111.23553181749094
1468,0.0
1469,558.2467600162547
1470,0.0
1471,0.0
1472,0.0
1473,180.88289790949017
1474,0.0
1475,101.44763415844754
1476,0.0
1477,179.02929087384751
1478,0.0
1479,632.0077653077136
1480,0.0
1481,0.0
1482,0.0
1483,0.0
1484,0.0
1485,0.0
1486,0.0
1487,0.0
1488,0.0
1489,0.0
1490,0.0
1491,70.97445918261585
1492,569.5475538142556
1493,574.9318766868075
1494,0.0
1495,0.0
1496,0.0
1497,749.432850670789
1498,381.896202635582
1499,0.0
1500,533.0279062911939
1501,0.0
1502,0.0
1503,503.0195409435501
1504,588.0354694644371
1505,0.0
1506,0.0
1507,468.8797412585579
1508,0.0
1509,355.54659056520904
1510,0.0
1511,0.0
1512,0.0
1513,574.0321292722158
1514,310.5419044917836
1515,115.19522408677378
1516,669.4972157651471
1517,0.0
1518,367.46517241712274
1519,297.81905367014684
1520,0.0
1521,70.01241116392436
1522,0.0
1523,686.8778700351595
1524,0.0
1525,0.0
1526,321.56687796291885
1527,0.0
1528,0.0
1529,705.236219580418
1530,53.31405339237538
1531,620.7049465269299
1532,0.0
1533,0.0
1534,521.6289693759476
1535,780.5995229164926
1536,58.32982307808278
1537,44.82090972139595
1538,160.73501051551636
1539,822.0086200957205
1540,0.0
1541,241.17965387476278
1542,0.0
1543,0.0
1544,530.3625683590273
1545,0.0
1546,0.0
1547,0.0
1548,416.3650001038886
1549,0.0
1550,0.0
1551,0.0
1552,396.32109522027343
1553,0.0
1554,0.0
1555,165.36429429482848
1556,595.0510829674975
1557,351.42242868575113
1558,565.5676908957571
1559,0.0
1560,601.5877543449964
1561,0.0
1562,332.41810452129823
1563,647.0767618646228
1564,0.0
1565,0.0
1566,24.004703125563584
1567,0.0
1568,0.0
1569,20.279521677125743
1570,0.0
1571,0.0
1572,0.0
1573,0.0
1574,834.6350084874538
1575,0.0
1576,0.0
1577,0.0
1578,386.7858099138928
1579,0.0
1580,0.0
1581,0.0
1582,0.0
1583,265.85740878907836
1584,0.0
1585,0.0
1586,0.0
1587,0.0
1588,367.4961092058122
1589,0.0
1590,0.0
1591,0.0
1592,0.0
1593,0.0
1594,727.8775136044709
1595,0.0
1596,320.6605527499459
1597,0.0
1598,0.0
1599,737.4993527746973
1600,45.185280853262725
1601,770.6061395620138
1602,0.0
1603,0.0
1604,0.0
1605,234.82502038327763
1606,0.0
1607,775.2318816603855
1608,0.0
1609,291.2067510567611
1610,885.3041769732357
1611,329.8618217646116
1612,0.0
1613,0.0
1614,840.6381143364758
1615,0.0
1616,0.0
1617,0.0
1618,0.0
1619,0.0
1620,0.0
1621,0.0
1622,0.0
1623,0.0
1624,468.3499008004701
1625,873.0915471585481
1626,833.3065747295639
1627,0.0
1628,60.606928862105285
1629,0.0
1630,0.0
1631,292.41787209810195
1632,0.0
1633,0.0
1634,0.0
1635,0.0
1636,0.0
1637,7.926618233097345
1638,0.0
1639,494.1749963909319
1640,0.0
1641,0.0
1642,0.0
1643,869.3827027268555
1644,0.0
1645,562.8668813412855
1646,803.1908953791731
1647,725.9274587156385
1648,0.0
1649,723.3412008670427
1650,0.0
1651,799.1768117689317
1652,0.0
1653,0.0
1654,0.0
1655,19.137586080686326
1656,0.0
1657,783.2505724234273
1658,80.436991534309
1659,0.0
1660,342.3805016665931
1661,71.77802823497191
1662,0.0
1663,143.91232255309401
1664,641.6852393651009
1665,0.0
1666,0.0
1667,0.0
1668,599.6282147450027
1669,232.4254621373605
1670,807.3549589946892
1671,674.5761621503195
1672,494.1759456090925
1673,252.9355475544066
1674,646.6481744867455
1675,888.1626150810883
1676,900.73322839376
1677,895.8842545621901
1678,164.80143682952843
1679,0.0
1680,0.0
1681,150.27539777429945
1682,525.4628553916552
1683,513.3188432248841
1684,897.2290201448762
1685,835.340318133002
1686,26.316960947264754
1687,0.0
1688,0.0
1689,611.8538569144765
1690,826.9888615687757
1691,441.4846355098284
1692,0.0
1693,0.0
1694,352.5887137091066
1695,0.0
1696,11.988886009049143
1697,129.8659505327106
1698,0.0
1699,0.0
1700,0.0
1701,9.7747209344993
1702,40.098948282304356
1703,0.0
1704,0.0
1705,0.0
1706,303.98472556680196
1707,253.7284845273167
1708,0.0
1709,7.66340446990165
1710,0.0
1711,799.9928688076668
1712,0.0
1713,62.260191488458595
1714,0.0
1715,90.8819201865864
1716,0.0
1717,916.9647715209845
1718,903.8774369574257
1719,256.0915858395795
1720,0.0
1721,0.0
1722,0.0
1723,0.0
1724,163.16286244983252
1725,0.0
1726,94.03435554685882
1727,785.9593416539485
1728,905.7242737709415
1729,0.0
1730,0.0
1731,233.82574106991459
1732,516.4066480840536
1733,872.7980295392913
1734,0.0
1735,572.837487613193
1736,0.0
1737,120.1144988591112
1738,0.0
1739,0.0
1740,502.3069929290989
1741,0.0
1742,85.73785658562068
1743,564.0608786484014
1744,247.05577590068376
1745,884.4273869074781
1746,0.0
1747,304.807360354185
1748,0.0
1749,81.71158486751445
1750,446.26446285063895
1751,0.0
1752,399.2035910484845
1753,0.0
1754,926.3255278165946
1755,0.0
1756,0.0
1757,0.0
1758,0.0
1759,246.78751285798242
1760,548.2741201777061
1761,0.0
1762,386.0969786239792
1763,182.2515439887642
1764,51.867714726812764
1765,0.0
1766,0.0
1767,0.0
1768,0.0
1769,122.40383178971001
1770,4.477960633520259
1771,0.0
1772,86.70397526656109
1773,98.48744934044502
1774,392.09435148562704
1775,864.2262965544933
1776,729.3446480639577
1777,0.0
1778,0.0
1779,0.0
1780,537.1256150675604
1781,165.699497269616
1782,0.0
1783,0.0
1784,0.0
1785,53.29995606812575
1786,0.0
1787,0.0
1788,0.0
1789,0.0
1790,0.0
1791,0.0
1792,0.0
1793,899.4725686737033
1794,436.59154479731296
1795,0.0
1796,428.6970794247437
1797,0.0
1798,0.0
1799,0.0
1800,0.0
1801,0.0
1802,0.0
1803,591.1684585318259
1804,0.0
1805,108.87861603835506
1806,0.0
1807,523.8328680083908
1808,0.0
1809,0.0
1810,0.0
1811,904.096481505348
1812,726.3593037226688
1813,421.72190843545536
1814,0.0
1815,0.0
1816,798.8455181772778
1817,0.0
1818,0.0
1819,843.3427346981017
1820,0.0
1821,0.0
1822,0.0
1823,0.0
1824,251.0703873339648
1825,0.0
1826,29.866606306040758
1827,16.523033716534
1828,0.0
1829,716.4599801804308
1830,0.0
1831,0.0
1832,0.0
1833,0.0
1834,0.0
1835,814.8881621868746
1836,0.0
1837,662.7672567028741
1838,0.0
1839,0.0
1840,0.0
1841,0.0
1842,0.0
1843,52.074770805571326
1844,0.0
1845,504.1766041414508
1846,0.0
1847,0.0
1848,0.0
1849,52.460538484661356
1850,0.0
1851,0.0
1852,292.89151001654386
1853,0.0
1854,831.6413519339533
1855,170.5721133449246
1856,668.3543173846653
1857,0.0
1858,405.4950161149061
1859,0.0
1860,759.5245413101198
1861,0.0
1862,160.9004168608597
1863,0.0
1864,148.52914936664124
1865,0.0
1866,0.0
1867,400.5585568372611
1868,0.0
1869,0.0
1870,0.0
1871,729.1109143911838
1872,381.4525802802559
1873,367.56260425516166
1874,359.71753235493065
1875,0.0
1876,0.0
1877,0.0
1878,0.0
1879,46.810008136554956
1880,0.0
1881,0.0
1882,0.0
1883,433.87193603844054
1884,0.0
1885,0.0
1886,0.0
1887,0.0
1888,213.5816559566858
1889,0.0
1890,503.1953037396601
1891,0.0
1892,157.73575072837903
1893,0.0
1894,848.5352381924758
1895,4.8760427007312375
1896,0.0
1897,0.0
1898,829.1740925857486
1899,0.0
1900,0.0
1901,0.0
1902,51.650430755977396
1903,111.33928984245935
1904,166.26364534135035
1905,15.955962559154294
1906,0.0
1907,78.73513033926645
1908,670.1876542583944
1909,725.1386705450882
1910,0.0
1911,0.0
1912,694.2423348767622
1913,0.0
1914,0.0
1915,666.9138098266533
1916,892.1497235096281
1917,0.0
1918,0.0
1919,0.0
1920,69.95140896910956
1921,0.0
1922,524.4570810688783
1923,0.0
1924,850.7735263959279
1925,0.0
1926,0.0
1927,859.8669964671662
1928,0.0
1929,7.355518077751886
1930,513.9254739830816
1931,902.1580245747582
1932,0.0
1933,0.0
1934,59.06261670380938
1935,0.0
1936,302.4288582929896
1937,0.0
1938,805.2219560516846
1939,0.0
1940,25.81576524394783
1941,0.0
1942,0.0
1943,0.0
1944,0.0
1945,0.0
1946,0.0
1947,354.8333807419509
1948,0.0
1949,652.580021495472
1950,0.0
1951,765.3564764485615
1952,812.2146721293569
1953,0.0
1954,0.0
1955,364.811597174835
1956,930.0459612861927
1957,0.0
1958,516.906176821611
1959,0.0
1960,0.0
1961,0.0
1962,827.5329804580667
1963,904.1033097432121
1964,697.4582376065882
1965,852.3712108435493
1966,179.19207768219184
1967,748.2770709434747
1968,0.0
1969,82.09470095863193
1970,141.13563416531085
1971,675.3057014809234
1972,0.0
1973,0.0
1974,0.0
1975,0.0
1976,866.5296850908564
1977,874.322745683809
1978,0.0
1979,625.9130600400166
1980,692.7631405416462
1981,381.684894192699
1982,597.5964674297763
1983,0.0
1984,0.0
1985,3.4930058546293794
1986,929.9352342899509
1987,0.0
1988,645.651211562864
1989,21.08070811366194
1990,0.0
1991,444.4823742625133
1992,0.0
1993,0.0
1994,387.06266841331626
1995,20.668435014745256
1996,0.0
1997,595.3226678348395
1998,0.0
1999,0.0
2000,0.0
2001,825.3895969486134
2002,706.1659067298575
2003,0.0
2004,0.0
2005,0.0
2006,0.0
2007,354.7032817612722
2008,0.0
2009,0.0
2010,0.0
2011,0.0
2012,550.2127139306878
2013,0.0
2014,12.493638768347072
2015,0.0
2016,447.9592198389506
2017,22.549939026852797
2018,851.5624073990778
2019,316.669008616423
2020,0.0
2021,17.410442963146
2022,103.29448997876685
2023,191.99651293301952
2024,61.84834304990265
2025,545.4001055208346
2026,322.6457093270385
2027,0.0
2028,61.353792902490056
2029,264.98887424949817
2030,4.796713412454702
2031,0.0
2032,0.0
2033,35.032602356170756
2034,0.0
2035,0.0
2036,0.0
2037,464.87262864752455
2038,270.02699328818113
2039,0.0
2040,639.0386915108114
2041,0.0
2042,170.14057023403987
2043,0.0
2044,467.03649090921016
2045,0.0
2046,0.0
2047,808.3914146641521
2048,814.2211227183889
2049,349.39069904378516
2050,685.6804577961615
2051,0.0
2052,606.0764316047052
2053,100.33224365727042
2054,814.660905855001
2055,349.47684504925616
2056,0.0
2057,0.0
2058,533.1936391257752
2059,0.0
2060,0.0
2061,407.493416814104
2062,0.0
2063,0.0
2064,0.0
2065,0.0
2066,0.0
2067,0.0
2068,942.4437432987526
2069,0.0
2070,4.7048516429313345
2071,0.0
2072,317.7857145010517
2073,0.0
2074,415.23736907836496
2075,828.0711699286896
2076,0.0
2077,0.0
2078,693.6283960896226
2079,0.0
2080,953.9056126720058
2081,0.0
2082,0.0
2083,0.0
2084,0.0
2085,0.0
2086,0.0
2087,37.507025324926936
2088,0.0
2089,0.0
2090,253.6188808166476
2091,528.4353005510011
2092,0.0
2093,0.0
2094,114.21144789556884
2095,0.0
2096,278.49232863126656
2097,0.0
2098,0.0
2099,891.1845727676898
2100,956.9104835502952
2101,249.6480951921215
2102,85.81515368960271
2103,0.0
2104,298.7545955354236
2105,0.0
2106,0.0
2107,0.0
2108,0.0
2109,0.0
2110,0.0
2111,0.0
2112,679.6947647437596
2113,628.7693894756353
2114,739.230062490481
2115,366.069377583858
2116,0.0
2117,0.0
2118,0.0
2119,321.8174608773302
2120,40.26267651394259
2121,0.0
2122,408.0391248785162
2123,66.28776178124812
2124,0.0
2125,0.0
2126,185.97419117900557
2127,0.0
2128,0.0
2129,0.0
2130,352.0611674843215
2131,0.0
2132,958.8924868815789
2133,0.0
2134,945.4156309079565
2135,0.0
2136,0.0
2137,0.0
2138,0.0
2139,0.0
2140,0.0
2141,2.884508948308471
2142,752.8776406190121
2143,0.0
2144,229.75823488869423
2145,0.0
2146,82.01711098274085
2147,0.0
2148,467.4318489363361
2149,606.7709978191624
2150,0.0
2151,897.0379709574052
2152,0.0
2153,14.502024497585557
2154,90.15816508591033
2155,901.3853111520885
2156,0.0
2157,0.0
2158,331.5367385131492
2159,811.3514145666695
2160,13.158282157057036
2161,193.02175651758904
2162,537.1609729643403
2163,0.0
2164,281.6358149551823
2165,174.2891897799978
2166,721.2121347661493
2167,0.0
2168,476.1715427143179
2169,25.644535464952508
2170,0.0
2171,0.0
2172,0.0
2173,222.73853691180528
2174,214.76519589522573
2175,0.0
2176,0.0
2177,0.0
2178,198.3042210612458
2179,153.33068188361435
2180,305.73804757357016
2181,496.5105400698351
2182,0.0
2183,0.0
2184,933.3894487363514
2185,907.8195256490171
2186,925.5310890878684
2187,0.0
2188,219.95039202712275
2189,166.8470166292665
2190,485.84136845074505
2191,0.0
2192,0.0
2193,368.5930608328263
2194,314.3143025822261
2195,0.0
2196,391.56937315149213
2197,0.0
2198,182.4763144847809
2199,668.0935165612789
2200,0.0
2201,36.96036905320657
2202,0.0
2203,0.0
2204,0.0
2205,0.0
2206,0.0
2207,0.0
2208,0.0
2209,736.6481609146019
2210,0.0
2211,0.0
2212,0.0
2213,0.0
2214,0.0
2215,0.0
2216,0.0
2217,0.0
2218,322.4777101796944
2219,650.8767442176309
2220,861.2768660774971
2221,0.0
2222,309.6893092474861
2223,234.87218445975319
2224,800.2828718130594
2225,832.4759905890298
2226,0.0
2227,871.2150339232963
2228,0.0
2229,0.0
2230,66.99467736752104
2231,0.0
2232,0.0
2233,0.0
2234,254.97827039793353
2235,0.0
2236,43.9012951175019
2237,325.79253081867637
2238,0.0
2239,59.32951814868764
2240,0.0
2241,843.9317202523104
2242,0.0
2243,0.0
2244,0.0
2245,0.0
2246,0.0
2247,0.0
2248,0.0
2249,5.348477755011368
2250,0.0
2251,712.670147291284
2252,740.3612575712847
2253,0.0
2254,0.0
2255,0.0
2256,33.31991242945829
2257,0.0
2258,61.085615387718015
2259,0.0
2260,479.77867834656337
2261,0.0
2262,361.49459097860097
2263,579.0872017805656
2264,198.76232055019426
2265,0.0
2266,324.421150279306
2267,0.0
2268,5.702009460911455
2269,0.0
2270,0.0
2271,0.0
2272,0.0
2273,0.0
2274,0.0
2275,541.9053856797786
2276,0.0
2277,0.0
2278,24.95834148724954
2279,953.0150950735889
2280,470.37147353211856
2281,188.34958191429524
2282,958.1603077676883
2283,46.43101191879298
2284,0.0
2285,0.0
2286,0.0
2287,167.08245148839896
2288,0.0
2289,0.0
2290,0.0
2291,74.83294853837072
2292,0.0
2293,74.20612466364875
2294,0.0
2295,493.10172390247226
2296,0.0
2297,87.50681420060526
2298,0.0
2299,707.9274754749529
2300,0.0
2301,950.9536146829113
2302,0.0
2303,96.99110852876288
2304,0.0
2305,362.9810907188173
2306,0.0
2307,0.0
2308,0.0
2309,0.0
2310,0.0
2311,405.9778371333537
2312,345.0007786435647
2313,31.30186784513925
2314,0.0
2315,0.0
2316,733.438869299287
2317,0.0
2318,0.0
2319,768.5712749610595
2320,0.0
2321,0.0
2322,67.20782136968025
2323,0.0
2324,0.0
2325,948.9793130610186
2326,16.587037529705228
2327,0.0
2328,0.0
2329,0.0
2330,366.41143306735563
2331,0.0
2332,0.0
2333,0.0
2334,0.0
2335,0.0
2336,37.25974462219676
2337,909.004088502255
2338,0.0
2339,0.0
2340,132.82422700030753
2341,917.7448727688326
2342,0.0
2343,0.0
2344,0.0
2345,239.06353946347042
2346,0.0
2347,0.0
2348,757.1982110977348
2349,0.0
2350,0.0
2351,763.507792532877
2352,137.24116361521192
2353,402.2206544310692
2354,0.0
2355,729.5679373035917
2356,0.0
2357,4.691042480102797
2358,573.811329532559
2359,733.0634794809782
2360,520.4340184847031
2361,0.0
2362,0.0
2363,407.82835700623406
2364,0.0
2365,0.0
2366,874.5156733250199
2367,0.0
2368,257.05781798425846
2369,0.0
2370,468.3001078509859
2371,941.375030099678
2372,27.371376626682228
2373,0.0
2374,0.0
2375,809.0639461411414
2376,622.0181677298472
2377,15.823157131755583
2378,0.0
2379,16.296525880543815
2380,0.0
2381,534.993819185064
2382,0.0
2383,0.0
2384,0.0
2385,0.0
2386,882.5324567091133
2387,0.0
2388,850.1179554787919
2389,674.8089361432853
2390,0.0
2391,0.0
2392,0.0
2393,0.0
2394,46.120958797974424
2395,389.6405458902869
2396,803.2402066798111
2397,0.0
2398,0.0
2399,0.0
2400,0.0
2401,0.0
2402,444.47947027048843
2403,0.0
2404,194.10236588649423
2405,10.736231471678396
2406,0.0
2407,606.4850653713133
2408,57.97946923561869
2409,0.0
2410,907.3880584075135
2411,225.43910854393405
2412,692.6433103189804
2413,883.7390384338016
2414,436.33891492556415
2415,547.247086874571
2416,0.0
2417,0.0
2418,0.0
2419,0.0
2420,0.0
2421,439.603439241756
2422,795.5628065770484
2423,467.0436192666562
2424,0.0
2425,89.56698615898586
2426,0.0
2427,0.0
2428,0.0
2429,893.8961265881646
2430,241.4999808018555
2431,0.0
2432,44.48139746045794
2433,3.8184321770421983
2434,83.82713248387985
2435,755.5387523758832
2436,829.7266943991217
2437,73.36568486713676
2438,0.0
2439,98.55723124944402
2440,51.10464627092265
2441,0.0
2442,192.40725982422032
2443,806.2871014504973
2444,190.5565866350265
2445,773.3180136401063
2446,513.535174401826
2447,878.3795540231873
2448,694.1917532832118
2449,773.7579469343779
2450,534.6190754822912
2451,0.0
2452,0.0
2453,968.7426144802153
2454,0.0
2455,0.0
2456,472.5813886766849
2457,0.0
2458,0.0
2459,0.0
2460,0.0
2461,0.0
2462,515.2420085012645
2463,0.0
2464,0.0
2465,0.0
2466,0.0
2467,80.97639301943107
2468,0.0
2469,15.047542972560398
2470,792.3863241609838
2471,0.0
2472,649.4796910126317
2473,750.1254289964284
2474,615.1315134348572
2475,925.8160702404176
2476,0.0
2477,326.40418906417597
2478,645.1472266642337
2479,0.0
2480,775.8522225482877
2481,764.7564188374533
2482,0.0
2483,0.0
2484,0.0
2485,0.0
2486,361.07170851089256
2487,27.60722357286542
2488,802.1306616956399
2489,0.0
2490,44.69176995614426
2491,17.707162798893126
2492,0.0
2493,564.8860352630754
2494,171.212301826403
2495,0.0
2496,908.0608601872862
2497,677.5620070491946
2498,0.0
2499,379.68615799260874
2500,0.0
2501,206.97571174926216
2502,575.7871582940737
2503,953.7481307930668
2504,130.0813000459981
2505,0.0
2506,0.0
2507,0.0
2508,0.0
2509,0.0
2510,472.847217670599
2511,807.1362781486986
2512,308.8070650907887
2513,0.0
2514,623.2909624251186
2515,57.40262049118764
2516,0.0
2517,0.0
2518,2.161425592841068
2519,0.0
2520,557.2655380102079
2521,0.0
2522,389.71573443778846
2523,0.0
2524,365.8929284601095
2525,777.2059474426487
2526,0.0
2527,0.0
2528,0.0
2529,652.4423774079172
2530,522.9344903107478
2531,0.0
2532,794.0061661958589
2533,712.8636742640092
2534,0.0
2535,89.91550555108074
2536,18.025044699374156
2537,169.7755700920154
2538,881.6149431540969
2539,0.0
2540,0.0
2541,0.0
2542,0.0
2543,0.0
2544,885.8759183864493
2545,0.0
2546,295.0808298668671
2547,0.0
2548,0.0
2549,0.0
2550,0.0
2551,74.0816708698887
2552,0.0
2553,0.0
2554,0.0
2555,0.0
2556,342.80834413419814
2557,0.0
2558,871.7062252301448
2559,698.4092310140743
2560,0.0
2561,0.0
2562,863.6998470504584
2563,355.9380283472283
2564,0.0
2565,80.13672813660654
2566,148.17775490857517
2567,462.89969807146343
2568,0.0
2569,0.0
2570,333.1076817135927
2571,352.63496970978264
2572,412.04888990557225
2573,220.3322952867784
2574,805.0994454615786
2575,0.0
2576,0.0
2577,279.46637537057245
2578,0.0
2579,258.5805649572293
2580,0.0
2581,0.0
2582,0.0
2583,885.3778686454382
2584,141.490645019366
2585,960.7726359205068
2586,787.1904210405181
2587,372.44850723173744
2588,736.9204418929603
2589,0.0
2590,0.0
2591,0.0
2592,474.65561667768213
2593,595.5487756855852
2594,4.48516923901509
2595,0.0
2596,857.2847377595942
2597,0.0
2598,21.920809414813405
2599,0.0
2600,847.0652115989986
2601,843.8154850587096
2602,0.0
2603,0.0
2604,0.0
2605,0.0
2606,0.0
2607,154.79352581319583
2608,340.1370766565854
2609,644.6255254611285
2610,0.0
2611,6.677841515588275
2612,947.3282640291561
2613,0.0
2614,362.5599573405718
2615,0.0
2616,0.0
2617,0.0
2618,515.4741837545499
2619,141.9192222805899
2620,0.0
2621,0.0
2622,0.0
2623,921.4360276161146
2624,0.0
2625,0.0
2626,0.0
2627,0.0
2628,0.0
2629,0.0
2630,0.0
2631,0.0
2632,0.0
2633,803.2512417958071
2634,4.549543873097267
2635,433.47402877760777
2636,0.0
2637,0.0
2638,508.3055586057895
2639,30.318413080431377
2640,11.861632144984707
2641,0.0
2642,4.680591625983506
2643,319.61675898660275
2644,913.936561094744
2645,13.47582173069569
2646,0.0
2647,0.0
2648,0.0
2649,53.22161844222108
2650,0.0
2651,51.619259074262175
2652,0.0
2653,0.0
2654,361.27072690874
2655,675.1734665580082
2656,135.2009235124801
2657,0.0
2658,0.0
2659,73.18672017583977
2660,0.0
2661,0.0
2662,0.0
2663,0.0
2664,0.0
2665,0.0
2666,378.77820590950193
2667,112.41768674098867
2668,292.4384450506278
2669,524.5323726729666
2670,0.0
2671,0.0
2672,0.0
2673,0.0
2674,188.28669978134428
2675,0.0
2676,841.3870974015198
2677,0.0
2678,567.2754458240669
2679,933.022294207393
2680,0.0
2681,827.3032324366484
2682,203.1085498980657
2683,343.6797711771618
2684,0.0
2685,529.3082698586045
2686,0.0
2687,0.0
2688,78.91674607558207
2689,0.0
2690,0.0
2691,0.0
2692,829.702942905566
2693,0.0
2694,0.0
2695,0.0
2696,0.0
2697,718.8914668683183
2698,0.0
2699,169.07647200906175
2700,0.0
2701,0.0
2702,0.0
2703,0.0
2704,0.0
2705,0.0
2706,0.0
2707,340.03860258936277
2708,646.3657980835984
2709,0.0
2710,212.1241060546732
2711,0.0
2712,0.0
2713,0.0
2714,363.3205281664671
2715,0.0
2716,781.7764755516938
2717,477.8013149250644
2718,945.2911864509025
2719,0.0
2720,493.4046572847569
2721,329.02785024917466
2722,757.5222865924567
2723,0.0
2724,221.2754604956844
2725,0.0
2726,901.408458429913
2727,367.455217859042
2728,501.69108528421094
2729,623.4359566028102
2730,0.0
2731,0.0
2732,573.0789218264745
2733,783.6953235026363
2734,719.7212304690865
2735,41.880560191547715
2736,0.0
2737,0.0
2738,22.631517194844008
2739,0.0
2740,143.9894723356224
2741,0.0
2742,0.0
2743,791.5957383372763
2744,724.4736089162068
2745,0.0
2746,11.503613406077061
2747,0.0
2748,182.77499168574064
2749,546.2714140598071
2750,0.0
2751,767.8941181951055
2752,450.8716472292662
2753,435.1593158011
2754,816.4466198276511
2755,0.0
2756,0.0
2757,0.0
2758,16.8972598077794
2759,0.0
2760,788.8232436542764
2761,0.0
2762,0.0
2763,4.788243197878514
2764,849.2959940135329
2765,111.57708902250822
2766,0.0
2767,5.820142068277855
2768,0.0
2769,0.0
2770,0.0
2771,153.00743578131224
2772,0.0
2773,0.0
2774,55.31014756733035
2775,0.0
2776,874.6126283416259
2777,0.0
2778,911.047847226971
2779,442.0661889013151
2780,0.0
2781,662.7293254154474
2782,0.0
2783,0.0
2784,81.13998514722556
2785,571.6503741270511
2786,268.0514760887019
2787,28.61467449086073
2788,0.0
2789,881.6047709862114
2790,937.9054876962803
2791,0.0
2792,0.0
2793,364.17160200769104
2794,303.00193382193964
2795,0.0
2796,410.5167158696415
2797,770.6151044048403
2798,0.0
2799,0.0
2800,786.4477733983106
2801,0.0
2802,0.0
2803,441.2910659905873
2804,40.45389124272304
2805,0.0
2806,0.0
2807,105.24244958919006
2808,117.9719962466376
2809,0.0
2810,0.0
2811,0.0
2812,0.0
2813,275.77732602184
2814,0.0
2815,0.0
2816,129.08930202212642
2817,0.0
2818,0.0
2819,87.70698535049749
2820,0.0
2821,485.05832776401917
2822,0.0
2823,0.0
2824,0.0
2825,0.0
2826,0.0
2827,75.36062106645926
2828,0.0
2829,768.0402751543676
2830,0.0
2831,860.1597503345396
2832,0.0
2833,345.65495337926035
2834,0.0
2835,382.7834982818971
2836,26.16509041797807
2837,743.6880669585779
2838,22.419880441541054
2839,0.0
2840,798.6326216814423
2841,0.0
2842,258.3223249431872
2843,65.34524513607167
2844,50.773043867123086
2845,495.7613201408956
2846,391.90626758949486
2847,25.77310974425373
2848,463.75530111429754
2849,402.60996206169426
2850,0.0
2851,390.3361473357262
2852,461.54175546116636
2853,0.0
2854,557.7014381832035
2855,0.0
2856,0.0
2857,0.0
2858,837.3127440983089
2859,0.0
2860,291.7155781183207
2861,376.56866415205786
2862,0.0
2863,790.8609939676023
2864,0.0
2865,599.6319961825263
2866,909.1645416123071
2867,196.4576025243271
2868,0.0
2869,0.0
2870,299.8596703700805
2871,0.0
2872,0.0
2873,0.0
2874,542.9338985870114
2875,0.0
2876,609.3497385661622
2877,77.12453417501942
2878,71.42404183338539
2879,877.934266889041
2880,767.2393070647248
2881,0.0
2882,282.83555061966337
2883,0.0
2884,0.0
2885,39.26921985178231
2886,690.4954706121317
2887,108.94959253902445
2888,0.0
2889,696.4896936210746
2890,912.9279289406675
2891,0.0
2892,0.0
2893,0.0
2894,667.4227669981362
2895,0.0
2896,0.0
2897,61.2836686526484
2898,0.0
2899,0.0
2900,0.0
2901,368.18824591968917
2902,0.0
2903,0.0
2904,0.0
2905,704.6218443907483
2906,0.0
2907,0.0
2908,595.001588397093
2909,3.634287421229079
2910,0.0
2911,0.0
2912,0.0
2913,0.0
2914,0.0
2915,0.0
2916,799.0608556597773
2917,0.0
2918,72.43217225968405
2919,0.0
2920,185.70642209408618
2921,237.01812408365177
2922,244.88826611501474
2923,32.38740708672886
2924,25.447297606806906
2925,8.011672644714675
2926,929.4748174754018
2927,0.0
2928,0.0
2929,0.0
2930,0.0
2931,0.0
2932,0.0
2933,755.0730586944294
2934,0.0
2935,0.0
2936,80.49018220155028
2937,0.0
2938,66.64676267641843
2939,0.0
2940,0.0
2941,18.838034094368343
2942,186.14752498431113
2943,0.0
2944,0.0
2945,839.7530364802432
2946,0.0
2947,847.5272807732914
2948,0.0
2949,35.73769704490615
2950,0.0
2951,522.6967887605
2952,0.0
2953,399.1305316086072
2954,0.0
2955,15.432264199802372
2956,0.0
2957,0.0
2958,47.59820514136629
2959,803.6750047326334
2960,0.0
2961,729.8282667642163
2962,0.0
2963,0.0
2964,80.57584456516415
2965,0.0
2966,14.901263349888016
2967,0.0
2968,0.0
2969,0.0
2970,0.0
2971,0.0
2972,0.0
2973,886.9802208812933
2974,759.5623945974112
2975,0.0
2976,0.0
2977,388.5134392946835
2978,0.0
2979,0.0
2980,951.6745363078746
2981,59.59724902135286
2982,0.0
2983,0.0
2984,0.0
2985,173.375448137699
2986,0.0
2987,0.0
2988,285.4793528425905
2989,0.0
2990,0.0
2991,238.9184817126313
2992,42.66515854050083
2993,147.7761448984297
2994,462.7807995550164
2995,931.7201139061381
2996,0.0
2997,0.0
2998,0.0
2999,527.961951084277
3000,92.10850721876648
3001,0.0
3002,0.0
3003,789.4119760304312
3004,510.71316153523475
3005,495.4237737563243
3006,0.0
3007,912.445530016663
3008,171.6939770288847
3009,0.0
3010,0.0
3011,926.0397802315705
3012,0.0
3013,0.0
3014,376.32261955362367
3015,0.0
3016,0.0
3017,0.0
3018,821.2822318792062
3019,0.0
3020,0.0
3021,86.0809317314615
3022,0.0
3023,811.9603570022515
3024,0.0
3025,596.0590751395953
3026,783.7047048011655
3027,164.16489576873272
3028,508.0858258458726
3029,348.6702406163309
3030,0.0
3031,921.0566239084121
3032,0.0
3033,0.0
3034,0.0
3035,748.4212622912066
3036,0.0
3037,446.6522818880777
3038,231.76363572865438
3039,0.0
3040,498.6579690656986
3041,0.0
3042,0.0
3043,0.0
3044,870.4217808836887
3045,85.949513805679
3046,0.0
3047,0.0
3048,29.51424733523167
3049,0.0
3050,13.05475804868928
3051,0.0
3052,819.4133303852205
3053,835.6040104707325
3054,0.0
3055,0.0
3056,117.49753374714103
3057,0.0
3058,0.0
3059,0.0
3060,741.1546774034196
3061,0.0
3062,0.0
3063,22.885637513340523
3064,750.1395811194609
3065,0.0
3066,857.2895428773102
3067,0.0
3068,0.0
3069,0.0
3070,489.3540186079704
3071,35.592650140766665
3072,0.0
3073,275.06472268591114
3074,162.31489353501752
3075,286.3872628987207
3076,265.70966262289966
3077,0.0
3078,564.2957211912386
3079,0.0
3080,33.35771673315487
3081,0.0
3082,352.5845952878014
3083,0.0
3084,562.9081399292521
3085,0.0
3086,0.0
3087,65.08379317901665
3088,0.0
3089,0.0
3090,0.0
3091,0.0
3092,400.3187827147083
3093,895.1224743558448
3094,0.0
3095,0.0
3096,136.9474618174988
3097,0.0
3098,0.0
3099,28.158910983879657
3100,0.0
3101,0.0
3102,900.7104135068569
3103,0.0
3104,0.0
3105,410.3673212439819
3106,0.0
3107,0.0
3108,400.46057600908114
3109,5.530236733139942
3110,0.0
3111,0.0
3112,0.0
3113,0.0
3114,87.92621666854221
3115,0.0
3116,0.0
3117,876.6543715296002
3118,843.0851003607767
3119,20.63480436095984
3120,0.0
3121,8.419267391239414
3122,892.0903310281873
3123,620.3211997874635
3124,0.0
3125,21.469936907581108
3126,0.0
3127,0.0
3128,0.0
3129,0.0
3130,906.8457329033848
3131,605.3502326517468
3132,428.3441275799694
3133,0.0
3134,176.03060756262306
3135,0.0
3136,0.0
3137,343.77181393311895
3138,787.7338677026112
3139,0.0
3140,0.0
3141,0.0
3142,0.0
3143,82.86905731558356
3144,266.36385805077947
3145,0.0
3146,0.0
3147,198.98037631938828
3148,548.5976993684043
3149,553.9751909642135
3150,0.0
3151,530.1825470588834
3152,0.0
3153,185.7900021825442
3154,0.0
3155,0.0
3156,0.0
3157,0.0
3158,0.0
3159,201.4975345615758
3160,76.52875022238727
3161,0.0
3162,419.7356789005549
3163,728.9948086982694
3164,0.0
3165,0.0
3166,646.565233738824
3167,0.0
3168,0.0
3169,0.0
3170,58.896590425426375
3171,319.58095977368424
3172,0.0
3173,388.3128246954959
3174,0.0
3175,0.0
3176,642.480276762685
3177,314.8422436735449
3178,0.0
3179,0.0
3180,0.0
3181,0.0
3182,0.0
3183,0.0
3184,0.0
3185,0.0
3186,237.95054954020162
3187,45.60332486392064
3188,823.7910698486406
3189,0.0
3190,797.0889325677181
3191,464.1682356846202
3192,83.27281413309888
3193,829.1276816664712
3194,523.6678819483236
3195,20.15432208363594
3196,0.0
3197,0.0
3198,0.0
3199,12.380840549480931
3200,441.32120656750226
3201,650.9023943075551
3202,922.9159446331253
3203,544.0863819859807
3204,953.8419554498712
3205,0.0
3206,419.59820366527975
3207,707.1060483645508
3208,344.84958216286594
3209,0.0
3210,952.689961045061
3211,631.7559797191957
3212,0.0
3213,0.0
3214,493.911933188225
3215,410.4220618885367
3216,766.1611093403269
3217,0.0
3218,0.0
3219,28.883117303287953
3220,168.42792102335343
3221,142.93439422833728
3222,0.0
3223,893.9538073273603
3224,0.0
3225,0.0
3226,0.0
3227,0.0
3228,0.0
3229,0.0
3230,207.71145179781067
3231,14.968945174371234
3232,0.0
3233,257.54439804628305
3234,0.0
3235,6.998986988535212
3236,0.0
3237,0.0
3238,0.0
3239,816.1188507443554
3240,0.0
3241,0.0
3242,0.0
3243,0.0
3244,500.26261325014053
3245,0.0
3246,764.611435335421
3247,0.0
3248,0.0
3249,285.5919208599063
3250,0.0
3251,811.0786263665088
3252,98.5562971364115
3253,0.0
3254,0.0
3255,933.3541639651372
3256,0.0
3257,333.1728629702534
3258,0.0
3259,0.0
3260,0.0
3261,0.0
3262,0.0
3263,284.19324652960887
3264,0.0
3265,0.0
3266,22.591216911512713
3267,387.54711368539205
3268,0.0
3269,0.0
3270,0.0
3271,0.0
3272,0.0
3273,0.0
3274,0.0
3275,0.0
3276,535.2800970417533
3277,947.4127315453735
3278,429.63814424250336
3279,0.0
3280,0.0
3281,0.0
3282,939.7387013346072
3283,0.0
3284,0.0
3285,0.0
3286,862.2891520014972
3287,0.0
3288,677.1378425228281
3289,765.8715603916623
3290,0.0
3291,0.0
3292,420.94584193433195
3293,379.9820078754799
3294,0.0
3295,32.632573438983215
3296,0.0
3297,17.909158017422165
3298,0.0
3299,201.32412960277563
3300,0.0
3301,431.56240416433195
3302,0.0
3303,0.0
3304,0.0
3305,734.2695490329511
3306,0.0
3307,0.0
3308,480.6553434712873
3309,0.0
3310,0.0
3311,434.92331754594176
3312,119.05058192306223
3313,165.6422501225981
3314,489.06796345765093
3315,601.4205193360875
3316,0.0
3317,73.94957598125885
3318,0.0
3319,76.31931842988892
3320,765.8738066105054
3321,0.0
3322,0.0
3323,0.0
3324,0.0
3325,0.0
3326,840.3684604812842
3327,0.0
3328,280.76538656213637
3329,95.08883378784037
3330,879.0291925631584
3331,0.0
3332,86.29996769743079
3333,0.0
3334,923.8178152532947
